id,dataset,complexity,category,entity_types,score,corrupted_q,original_q
BDocs_0275,BDocs,C1,Element,document_element_type,-18,What is the item?,What is the Title?
BDocs_0480,BDocs,C1,Element,document_element_type,-18,What is the logo?,What is the Title?
BDocs_0489,BDocs,C1,Element,document_element_type,-18,What is the image?,What is the Title?
BDocs_0531,BDocs,C1,Element,document_element_type,-18,What is the logo?,What is the Title?
BDocs_0566,BDocs,C1,Element,document_element_type,-21,What are the trends?,What is Gross Amount?
BDocs_0037,BDocs,C1,Element,document_element_type,-23,What is the tagline?,What is the Invoice ID?
BDocs_0062,BDocs,C1,Element,document_element_type,-23,What is the Content ID?,What is the Invoice ID?
BDocs_0090,BDocs,C1,Element,document_element_type,-23,What is the Content ID?,What is the Invoice ID?
BDocs_0201,BDocs,C1,Element,document_element_type,-23,What is the Content ID?,What is the Invoice ID?
BDocs_0254,BDocs,C1,Element,document_element_type,-23,What are the queries?,What is the Invoice ID?
BDocs_0259,BDocs,C1,Element,document_element_type,-23,What is the Content ID?,What is the Invoice ID?
BDocs_0263,BDocs,C1,Element,document_element_type,-23,What is the Policy ID?,What is the Invoice ID?
BDocs_0427,BDocs,C1,Element,document_element_type,-23,What is the Content ID?,What is the Invoice ID?
BDocs_0510,BDocs,C1,Element,document_element_type,-23,What is the item ID?,What is the Invoice ID?
BDocs_0535,BDocs,C1,Element,document_element_type,-23,What is the item ID?,What is the Invoice ID?
BDocs_0553,BDocs,C1,Element,document_element_type,-23,What is the item ID?,What is the Invoice ID?
BDocs_0677,BDocs,C1,Element,document_element_type,-23,What is the Content ID?,What is the Invoice ID?
BDocs_0685,BDocs,C1,Element,document_element_type,-23,What is the Content ID?,What is the Invoice ID?
BDocs_0555,BDocs,C1,Element,document_element_type,-24,What are the queries?,What is the Title?
BDocs_0143,BDocs,C1,Element,document_element_type,-25,What is the placeholder?,What is the Invoice ID?
BDocs_0158,BDocs,C1,Element,document_element_type,-25,What is the emblem's ID?,What is the Invoice ID?
BDocs_0253,BDocs,C1,Element,document_element_type,-25,What is the Description?,What is the Invoice ID?
BDocs_0526,BDocs,C1,Element,document_element_type,-25,What is the Description?,What is the Invoice ID?
BDocs_0551,BDocs,C1,Element,document_element_type,-25,What are the categories?,What is the Invoice ID?
BDocs_0696,BDocs,C1,Element,document_element_type,-25,What is the emblem's ID?,What is the Invoice ID?
BDocs_0520,BDocs,C1,Element,document_element_type,-26,Who wrote this paychecks?,Who wrote this Memorandum?
BDocs_0552,BDocs,C1,Element,document_element_type,-26,What is the quotation?,What is the Title?
BDocs_0744,BDocs,C1,Element,document_element_type,-26,What is the quotation?,What is the Title?
BDocs_0155,BDocs,C1,Element,document_element_type,-27,What is the latest news?,What is Gross Amount?
BDocs_0194,BDocs,C1,Element,document_element_type,-27,What are the estimates?,What is the Charity Number?
BDocs_0247,BDocs,C1,Element,document_element_type,-27,What is the Move fill ID?,What is the Invoice ID?
BDocs_0365,BDocs,C1,Element,document_element_type,-27,What is the cells?,What is the Charity Number?
BDocs_0072,BDocs,C1,Element,document_element_type,-29,What is the branding used?,What is the Invoice ID?
BDocs_0202,BDocs,C1,Element,document_element_type,-29,What is the Accounts Number?,What is the Charity Number?
BDocs_0376,BDocs,C1,Element,document_element_type,-29,What is the tagline?,What is the Bank information?
BDocs_0441,BDocs,C1,Element,document_element_type,-29,What is the item?,What is the Bank information?
BDocs_0474,BDocs,C1,Element,document_element_type,-29,What is the item?,What is the Bank information?
BDocs_0491,BDocs,C1,Element,document_element_type,-29,What is the item?,What is the Bank information?
BDocs_0558,BDocs,C1,Element,document_element_type,-29,What is the item?,What is the Bank information?
BDocs_0094,BDocs,C1,Element,document_element_type,-30,What are the categories?,What is the Title?
BDocs_0163,BDocs,C1,Element,document_element_type,-30,What is the menu item?,What is the Buyer information?
BDocs_0299,BDocs,C1,Element,document_element_type,-30,What is the logo?,What is the Buyer information?
BDocs_0532,BDocs,C1,Element,document_element_type,-30,What is the logo?,What is the Buyer information?
BDocs_0543,BDocs,C1,Element,document_element_type,-30,What is the word?,What is the Buyer information?
BDocs_0637,BDocs,C1,Element,document_element_type,-30,What are the keys?,What is the Buyer information?
BDocs_0104,BDocs,C1,Element,document_element_type,-31,What is the inventory list?,What is the Invoice ID?
BDocs_0138,BDocs,C1,Element,document_element_type,-31,What is the design element?,What is the Invoice ID?
BDocs_0054,BDocs,C1,Element,document_element_type,-32,What is the queries and footers?,What is the Remarks and footers?
BDocs_0152,BDocs,C1,Element,document_element_type,-32,What is the letters and footers?,What is the Remarks and footers?
BDocs_0193,BDocs,C1,Element,document_element_type,-32,What is the queries and footers?,What is the Remarks and footers?
BDocs_0330,BDocs,C1,Element,document_element_type,-32,What is the item and footers?,What is the Remarks and footers?
BDocs_0383,BDocs,C1,Element,document_element_type,-32,What is the image and footers?,What is the Remarks and footers?
BDocs_0442,BDocs,C1,Element,document_element_type,-32,What is the item and footers?,What is the Remarks and footers?
BDocs_0493,BDocs,C1,Element,document_element_type,-32,What is the ID and footer?,What is the Remarks and footers?
BDocs_0496,BDocs,C1,Element,document_element_type,-32,What is the item and footers?,What is the Remarks and footers?
BDocs_0498,BDocs,C1,Element,document_element_type,-32,What is the queries and footers?,What is the Remarks and footers?
BDocs_0513,BDocs,C1,Element,document_element_type,-32,What is the item and footers?,What is the Remarks and footers?
BDocs_0525,BDocs,C1,Element,document_element_type,-32,What are the comments?,What is the Registration Number?
BDocs_0530,BDocs,C1,Element,document_element_type,-32,What is the decorative element?,What is the Buyer information?
BDocs_0564,BDocs,C1,Element,document_element_type,-32,What is the Content and footers?,What is the Remarks and footers?
BDocs_0576,BDocs,C1,Element,document_element_type,-32,What is the item and footers?,What is the Remarks and footers?
BDocs_0599,BDocs,C1,Element,document_element_type,-32,What is the receipt and footers?,What is the Remarks and footers?
BDocs_0626,BDocs,C1,Element,document_element_type,-32,What is the queries and footers?,What is the Remarks and footers?
BDocs_0627,BDocs,C1,Element,document_element_type,-32,What is the item and footers?,What is the Remarks and footers?
BDocs_0634,BDocs,C1,Element,document_element_type,-32,What is the item and footers?,What is the Remarks and footers?
BDocs_0736,BDocs,C1,Element,document_element_type,-32,What is the ID and footer?,What is the Remarks and footers?
BDocs_0092,BDocs,C1,Element,document_element_type,-33,What is the ID of the Items?,What is the Invoice ID?
BDocs_0210,BDocs,C1,Element,document_element_type,-33,What is the ID of the Items?,What is the Invoice ID?
BDocs_0244,BDocs,C1,Element,document_element_type,-33,What is the ID of the Items?,What is the Invoice ID?
BDocs_0145,BDocs,C1,Element,document_element_type,-34,What is the initials and footers?,What is the Remarks and footers?
BDocs_0360,BDocs,C1,Element,document_element_type,-34,What is the branding and footers?,What is the Remarks and footers?
BDocs_0613,BDocs,C1,Element,document_element_type,-34,What is the summary of the event?,What is the Purchase order number?
BDocs_0619,BDocs,C1,Element,document_element_type,-34,What are the queries?,What is the Purchase order number?
BDocs_0097,BDocs,C1,Element,document_element_type,-35,What is the item description?,What is the Invoice ID?
BDocs_0179,BDocs,C1,Element,document_element_type,-35,What is the inventory level?,What is Gross Amount?
BDocs_0207,BDocs,C1,Element,document_element_type,-35,What is the inventory level?,What is Gross Amount?
BDocs_0605,BDocs,C1,Element,document_element_type,-35,What is the inventory level?,What is Gross Amount?
BDocs_0649,BDocs,C1,Element,document_element_type,-35,What is the inventory level?,What is Gross Amount?
BDocs_0667,BDocs,C1,Element,document_element_type,-35,What is the inventory report?,What is the Invoice ID?
BDocs_0668,BDocs,C1,Element,document_element_type,-35,What is the purchase summary?,What is the Invoice ID?
BDocs_0718,BDocs,C1,Element,document_element_type,-35,What is the inventory level?,What is Gross Amount?
BDocs_0189,BDocs,C1,Element,document_element_type,-36,What is the menu item and footers?,What is the Remarks and footers?
BDocs_0536,BDocs,C1,Element,document_element_type,-36,What is the summary of the event?,What is the Buyer information?
BDocs_0540,BDocs,C1,Element,document_element_type,-36,What are the Key Visual Elements?,What is the Buyer information?
BDocs_0581,BDocs,C1,Element,document_element_type,-36,What is the Move fill and footers?,What is the Remarks and footers?
BDocs_0625,BDocs,C1,Element,document_element_type,-36,What are the Key visual elements?,What is the Buyer information?
BDocs_0452,BDocs,C1,Element,document_element_type,-37,What is the purpose of receipts?,What is the Charity Number?
BDocs_0499,BDocs,C1,Element,document_element_type,-37,What are the Key Visual Elements?,What is the Bank information?
BDocs_0533,BDocs,C1,Element,document_element_type,-37,What are the Key Visual Elements?,What is the Bank information?
BDocs_0545,BDocs,C1,Element,document_element_type,-37,What are the Key Visual Elements?,What is the Bank information?
BDocs_0013,BDocs,C1,Element,document_element_type,-38,What is the quotations and footers?,What is the Remarks and footers?
BDocs_0214,BDocs,C1,Element,document_element_type,-39,What are the accounting policies?,What is the Charity Number?
BDocs_0363,BDocs,C1,Element,document_element_type,-39,What are the Key Visual Elements?,What is the Charity Number?
BDocs_0487,BDocs,C1,Element,document_element_type,-39,What is the breakdown information?,What is the Bank information?
BDocs_0537,BDocs,C1,Element,document_element_type,-39,What is the breakdown information?,What is the Bank information?
BDocs_0560,BDocs,C1,Element,document_element_type,-39,What is the breakdown information?,What is the Bank information?
BDocs_0521,BDocs,C1,Element,document_element_type,-40,What is the Total Items and footers?,What is the Remarks and footers?
SlideVQA_0569,SlideVQA,C1,Element,document_element_type,-41,Which physiology are shown for Analytics?,Which Attributes are shown for Analytics?
BDocs_0007,BDocs,C1,Element,document_element_type,-41,What are the copy instructions?,What is Gross Amount?
BDocs_0159,BDocs,C1,Element,document_element_type,-41,What are the copy instructions?,What is Gross Amount?
BDocs_0169,BDocs,C1,Element,document_element_type,-41,What is the inventory record ID?,What is the Invoice ID?
BDocs_0182,BDocs,C1,Element,document_element_type,-41,What is the logo of the company?,What is the Invoice ID?
BDocs_0196,BDocs,C1,Element,document_element_type,-41,What is the logo of the company?,What is the Invoice ID?
BDocs_0468,BDocs,C1,Element,document_element_type,-41,What are the queries?,What is the Payment terms and conditions?
BDocs_0472,BDocs,C1,Element,document_element_type,-41,What is the item?,What is the Payment terms and conditions?
BDocs_0482,BDocs,C1,Element,document_element_type,-41,What is the Move fill condition?,What is the Payment terms and conditions?
BDocs_0663,BDocs,C1,Element,document_element_type,-41,What is the item?,What is the Payment terms and conditions?
BDocs_0695,BDocs,C1,Element,document_element_type,-41,What are the copy instructions?,What is Gross Amount?
BDocs_0209,BDocs,C1,Element,document_element_type,-42,What is the IQ mentioned below the logo?,What is the date mentioned below the logo?
BDocs_0549,BDocs,C1,Element,document_element_type,-42,What is the Knowledge mention?,What is the Title?
BDocs_0639,BDocs,C1,Element,document_element_type,-42,What is the title of the book?,What is the Title?
BDocs_0645,BDocs,C1,Element,document_element_type,-42,What is the initials' meaning?,What is the Title?
BDocs_0719,BDocs,C1,Element,document_element_type,-43,What is the Population statement?,What is the Invoice ID?
SlideVQA_0077,SlideVQA,C1,Element,document_element_type,-44,What is the most common number in step 2?,What base is most often incorrect in step 2?
BDocs_0075,BDocs,C1,Element,document_element_type,-45,What is the amount of Handwritten text?,what is the amount of quotation ?
BDocs_0198,BDocs,C1,Element,document_element_type,-45,What is the detailed information?,What is Gross Amount?
BDocs_0746,BDocs,C1,Element,document_element_type,-45,What is the meaning of Signature?,What is Gross Amount?
BDocs_0366,BDocs,C1,Element,document_element_type,-46,What is the identification and footers?,What is the Remarks and footers?
BDocs_0373,BDocs,C1,Element,document_element_type,-46,What is the dynamic composition?,What is the Title?
SlideVQA_0524,SlideVQA,C1,Element,document_element_type,-47,What are the attributes shown for Analytics?,Which Attributes are shown for Analytics?
SlideVQA_0251,SlideVQA,C1,Element,document_element_type,-48,What three examples of portrait are given?,What three examples of negative words are given?
BDocs_0101,BDocs,C1,Element,document_element_type,-48,What are the Key Visual Elements?,What is the Title?
BDocs_0156,BDocs,C1,Element,document_element_type,-48,What are the Key Visual Elements?,What is the Title?
BDocs_0302,BDocs,C1,Element,document_element_type,-48,What is the purchase order information?,What is the Buyer information?
BDocs_0403,BDocs,C1,Element,document_element_type,-48,What is the digital artwork and footers?,What is the Remarks and footers?
BDocs_0585,BDocs,C1,Element,document_element_type,-48,What is the Population statement?,What is the Title?
BDocs_0615,BDocs,C1,Element,document_element_type,-48,What are the Key Visual Elements?,What is the Title?
BDocs_0651,BDocs,C1,Element,document_element_type,-48,What are the Key Visual Elements?,What is the Title?
BDocs_0371,BDocs,C1,Element,document_element_type,-49,What is the description of the graphics?,What is the Invoice Desciption?
BDocs_0620,BDocs,C1,Element,document_element_type,-49,What is the financial accounts number?,What is the Charity Number?
SlideVQA_0303,SlideVQA,C1,Element,document_element_type,-50,What are some examples of professional headshots?,What three examples of negative words are given?
BDocs_0250,BDocs,C1,Element,document_element_type,-50,What is the Advertiser's Contract ID?,What is the Contract ID?
SlideVQA_0331,SlideVQA,C1,Element,document_element_type,-51,Are there more items listed under Text or DeepAI?,Are there more items listed under UX or DeepAI?
BDocs_0146,BDocs,C1,Element,document_element_type,-51,What is the expenditure account number?,What is the Charity Number?
BDocs_0154,BDocs,C1,Element,document_element_type,-51,Who developed the 2 Text Nos. 7149 and 7152?,Who developed the 2 house plans Nos. 7149 and 7152?
BDocs_0166,BDocs,C1,Element,document_element_type,-51,Who developed the 2 Plan A Nos. 7149 and 7152?,Who developed the 2 house plans Nos. 7149 and 7152?
BDocs_0495,BDocs,C1,Element,document_element_type,-52,What is the additional information?,What is the Title?
BDocs_0737,BDocs,C1,Element,document_element_type,-52,How much pepper is needed for the Mayonnaise report?,How much pepper is needed for the Mayonnaise recipe?
BDocs_0074,BDocs,C1,Element,document_element_type,-53,What is the amount of text in the document?,what is the amount of quotation ?
SlideVQA_0247,SlideVQA,C1,Element,document_element_type,-54,What percent of people choose comments for text?,What percent of people choose full sentences for text?
SlideVQA_0268,SlideVQA,C1,Element,document_element_type,-54,What percent of people choose responses for text?,What percent of people choose full sentences for text?
SlideVQA_0327,SlideVQA,C1,Element,document_element_type,-54,What three examples of business profiles are given?,What three examples of negative words are given?
SlideVQA_0409,SlideVQA,C1,Element,document_element_type,-54,What percent of people choose content for text?,What percent of people choose full sentences for text?
SlideVQA_0461,SlideVQA,C1,Element,document_element_type,-54,What percent of people choose key findings for text?,What percent of people choose full sentences for text?
BDocs_0346,BDocs,C1,Element,document_element_type,-54,What is the GENERAL INSTRUCTION for Afternoon?,What is the Sample Menu for Afternoon?
BDocs_0492,BDocs,C1,Element,document_element_type,-54,What is the abstract design element?,What is the Title?
BDocs_0653,BDocs,C1,Element,document_element_type,-54,What is the function of the Function keys?,What is the Buyer information?
BDocs_0069,BDocs,C1,Element,document_element_type,-55,What is the Audited Financial Statements?,What is the Charity Number?
BDocs_0117,BDocs,C1,Element,document_element_type,-55,What is the breakdown of Gross Amount?,What is Gross Amount?
BDocs_0238,BDocs,C1,Element,document_element_type,-55,What are the details of the payment notes?,What is the Bank information?
SlideVQA_0610,SlideVQA,C1,Element,document_element_type,-56,What is the logo that shall be filed with the Registrar?,What is the Form that shall be filed with the Registrar?
BDocs_0347,BDocs,C1,Element,document_element_type,-56,What are the recommended options for Afternoon?,What is the Sample Menu for Afternoon?
BDocs_0726,BDocs,C1,Element,document_element_type,-56,What is the dynamic composition and footers?,What is the Remarks and footers?
BDocs_0497,BDocs,C1,Element,document_element_type,-57,When was the Key Visual Elements created?,When is the letter dated?
BDocs_0716,BDocs,C1,Element,document_element_type,-57,What are the audited financial statements?,What is the Charity Number?
BDocs_0026,BDocs,C1,Element,document_element_type,-58,What are the Key visual elements and footers?,What is the Remarks and footers?
BDocs_0038,BDocs,C1,Element,document_element_type,-58,How much vinegar is needed for the French Dressing report?,How much vinegar is needed for the French Dressing recipe?
BDocs_0565,BDocs,C1,Element,document_element_type,-58,What are the Key visual elements and footers?,What is the Remarks and footers?
BDocs_0731,BDocs,C1,Element,document_element_type,-58,What are the Key visual elements and footers?,What is the Remarks and footers?
SlideVQA_0440,SlideVQA,C1,Element,document_element_type,-61,Are there more items listed under headshots or DeepAI?,Are there more items listed under UX or DeepAI?
SlideVQA_0715,SlideVQA,C1,Element,document_element_type,-61,What percentage of all headshots is created by individuals?,What percentage of all information is created by individuals?
BDocs_0044,BDocs,C1,Element,document_element_type,-61,What are the conditions for Gross Amount?,What is Gross Amount?
BDocs_0167,BDocs,C1,Element,document_element_type,-61,What are the conditions for Gross Amount?,What is Gross Amount?
SlideVQA_0007,SlideVQA,C1,Element,document_element_type,-62,How many Samples are there for Task Name WB Hickok?,How many Short Answer items are there for Task Name WB Hickok?
SlideVQA_0102,SlideVQA,C1,Element,document_element_type,-62,How many methodologies are there for Task Name WB Hickok?,How many Short Answer items are there for Task Name WB Hickok?
SlideVQA_0377,SlideVQA,C1,Element,document_element_type,-62,What percent of people choose full sentences for comments?,What percent of people choose full sentences for text?
SlideVQA_0470,SlideVQA,C1,Element,document_element_type,-64,What percent of people choose full sentences for responses?,What percent of people choose full sentences for text?
SlideVQA_0700,SlideVQA,C1,Element,document_element_type,-64,Who executes all your HTML tags during every major release?,Who executes all your unit test code during every major release?
BDocs_0063,BDocs,C1,Element,document_element_type,-64,What is the highest temperature recorded?,What is the Title?
BDocs_0077,BDocs,C1,Element,document_element_type,-64,What is the highest temperature recorded?,What is the Title?
BDocs_0388,BDocs,C1,Element,document_element_type,-64,What is the abstract design element and footers?,What is the Remarks and footers?
BDocs_0488,BDocs,C1,Element,document_element_type,-64,What is the title of the digital artwork?,What is the Title?
BDocs_0709,BDocs,C1,Element,document_element_type,-64,How much pepper is needed for the Mayonnaise dietary plan?,How much pepper is needed for the Mayonnaise recipe?
BDocs_0603,BDocs,C1,Element,document_element_type,-65,What is the total sum of values in Columns?,What is Gross Amount?
BDocs_0617,BDocs,C1,Element,document_element_type,-65,What is the definition of Special Handling?,What is Gross Amount?
BDocs_0693,BDocs,C1,Element,document_element_type,-65,What is the total sum of values in Columns?,What is Gross Amount?
SlideVQA_0122,SlideVQA,C1,Element,document_element_type,-66,How many Sample Consent Forms are there for Task Name WB Hickok?,How many Short Answer items are there for Task Name WB Hickok?
BDocs_0160,BDocs,C1,Element,document_element_type,-67,What is the amount for Signature as mentioned in the given page?,what is the amount for other costs as mentioned in the given page ?
BDocs_0170,BDocs,C1,Element,document_element_type,-67,Who developed the 2 detailed breakdowns Nos. 7149 and 7152?,Who developed the 2 house plans Nos. 7149 and 7152?
BDocs_0659,BDocs,C1,Element,document_element_type,-67,What is the Charity Number for Floral Elements?,What is the Charity Number?
SlideVQA_0234,SlideVQA,C1,Element,document_element_type,-68,What Gene Mutation is most commonly incorrect in step 2?,What base is most often incorrect in step 2?
BDocs_0191,BDocs,C1,Element,document_element_type,-68,What is the TO whom the Terms and Conditions are sent?,What is the TO whom the invoice is sent?
BDocs_0270,BDocs,C1,Element,document_element_type,-68,What is the TO whom the Terms and Conditions are sent?,What is the TO whom the invoice is sent?
BDocs_0622,BDocs,C1,Element,document_element_type,-69,What is the Charity Number for Circuit Projects?,What is the Charity Number?
SlideVQA_0121,SlideVQA,C1,Element,document_element_type,-70,What Wild-Type Gene is most commonly incorrect in step 2?,What base is most often incorrect in step 2?
SlideVQA_0386,SlideVQA,C1,Element,document_element_type,-70,What percent of people choose full sentences for key findings?,What percent of people choose full sentences for text?
SlideVQA_0519,SlideVQA,C1,Element,document_element_type,-70,What is the cover image that shall be filed with the Registrar?,What is the Form that shall be filed with the Registrar?
BDocs_0025,BDocs,C1,Element,document_element_type,-70,How much vinegar is needed for the French Dressing dietary plan?,How much vinegar is needed for the French Dressing recipe?
SlideVQA_0454,SlideVQA,C1,Element,document_element_type,-72,What percent of people choose full sentences for Presentations?,What percent of people choose full sentences for text?
BDocs_0065,BDocs,C1,Element,document_element_type,-73,What is the content of the Annual Report Accounts?,What is the Charity Number?
BDocs_0694,BDocs,C1,Element,document_element_type,-73,What is the detailed breakdown of the Property?,What is the Property?
BDocs_0463,BDocs,C1,Element,document_element_type,-74,What is the amount of 1987 FINANCIAL REPORT mentioned in the given page?,what is the amount of 1987 grant commitments mentioned in the given page ?
BDocs_0638,BDocs,C1,Element,document_element_type,-74,What is the Title of the Terms and Conditions?,What is the Title?
BDocs_0109,BDocs,C1,Element,document_element_type,-75,What is the budget for the other minutes as mentioned in the given revenue?,what is the budget for the other grants as mentioned in the given revenue ?
BDocs_0119,BDocs,C1,Element,document_element_type,-75,What is the budget for the other Agenda as mentioned in the given revenue?,what is the budget for the other grants as mentioned in the given revenue ?
BDocs_0123,BDocs,C1,Element,document_element_type,-75,What is the Agenda for the other grants as mentioned in the given revenue ?,what is the budget for the other grants as mentioned in the given revenue ?
BDocs_0252,BDocs,C1,Element,document_element_type,-75,What is the content of the Articles of Association?,What is the Charity Number?
BDocs_0049,BDocs,C1,Element,document_element_type,-76,What is the financial transaction log and its footers?,What is the Remarks and footers?
BDocs_0424,BDocs,C1,Element,document_element_type,-76,What is the amount of 1987 auditing procedures mentioned in the given page?,what is the amount of 1987 grant commitments mentioned in the given page ?
SlideVQA_0560,SlideVQA,C1,Element,document_element_type,-77,What are the attributes shown for self-report in Analytics?,Which Attributes are shown for Analytics?
BDocs_0507,BDocs,C1,Element,document_element_type,-77,What is the purpose of an advertising order form?,What is Gross Amount?
BDocs_0327,BDocs,C1,Element,document_element_type,-78,What is the Agenda for the interest income as mentioned in the given revenue ?,what is the budget for the interest income as mentioned in the given revenue ?
BDocs_0331,BDocs,C1,Element,document_element_type,-78,What is the budget for the interest income as mentioned in the given minutes?,what is the budget for the interest income as mentioned in the given revenue ?
BDocs_0337,BDocs,C1,Element,document_element_type,-78,What is the definition of a minimalist visual element?,What is the Buyer information?
BDocs_0339,BDocs,C1,Element,document_element_type,-78,What is the budget for the interest income as mentioned in the given Agenda?,what is the budget for the interest income as mentioned in the given revenue ?
BDocs_0349,BDocs,C1,Element,document_element_type,-78,What is the budget for the materials as mentioned in the given revenue?,what is the budget for the interest income as mentioned in the given revenue ?
SlideVQA_0442,SlideVQA,C1,Element,document_element_type,-79,Are there more items listed under presentation slide or DeepAI?,Are there more items listed under UX or DeepAI?
BDocs_0112,BDocs,C1,Element,document_element_type,-79,What is the budget for the other materials as mentioned in the given revenue?,what is the budget for the other grants as mentioned in the given revenue ?
BDocs_0675,BDocs,C1,Element,document_element_type,-79,What is the detailed breakdown of the Charity Number?,What is the Charity Number?
SlideVQA_0134,SlideVQA,C1,Element,document_element_type,-80,How many Methodology Checklist items are there for Task Name WB Hickok?,How many Short Answer items are there for Task Name WB Hickok?
BDocs_0333,BDocs,C1,Element,document_element_type,-80,What is the budget for the interest income as mentioned in the given materials?,what is the budget for the interest income as mentioned in the given revenue ?
BDocs_0342,BDocs,C1,Element,document_element_type,-80,What is the budget for the interest income as mentioned in the given documents?,what is the budget for the interest income as mentioned in the given revenue ?
SlideVQA_0698,SlideVQA,C1,Element,document_element_type,-81,What percentage of all business directories are created by individuals?,What percentage of all information is created by individuals?
BDocs_0111,BDocs,C1,Element,document_element_type,-81,What is the budget for the other enclosures as mentioned in the given revenue?,what is the budget for the other grants as mentioned in the given revenue ?
BDocs_0125,BDocs,C1,Element,document_element_type,-81,What are the materials for the other grants as mentioned in the given revenue?,what is the budget for the other grants as mentioned in the given revenue ?
BDocs_0015,BDocs,C1,Element,document_element_type,-82,What is the general instruction for making the French Dressing recipe?,How much vinegar is needed for the French Dressing recipe?
SlideVQA_0324,SlideVQA,C1,Element,document_element_type,-83,Are there more items listed under social media profile or DeepAI?,Are there more items listed under UX or DeepAI?
SlideVQA_0597,SlideVQA,C1,Element,document_element_type,-86,What is the educational graphic that shall be filed with the Registrar?,What is the Form that shall be filed with the Registrar?
SlideVQA_0081,SlideVQA,C1,Element,document_element_type,-100,What are the most common errors in step 2 regarding Key Visual Elements?,What base is most often incorrect in step 2?
BDocs_0118,BDocs,C1,Element,document_element_type,-101,What is the budget for the other Financial statements as mentioned in the given revenue?,what is the budget for the other grants as mentioned in the given revenue ?
BDocs_0340,BDocs,C1,Element,document_element_type,-102,What is the budget for the interest income as mentioned in the given Financial statements?,what is the budget for the interest income as mentioned in the given revenue ?
BDocs_0099,BDocs,C1,Element,document_element_type,-106,What is the abbreviation for the highest temperature recorded?,What is the Title?
SlideVQA_0273,SlideVQA,C1,Element,document_element_type,-128,"Which has a faster Running Time for 5 Iterations, Integration with Agenda or Spark?","Which has a faster Running Time for 5 Iterations, Integration with Standard data formats or Spark?"
SlideVQA_0282,SlideVQA,C1,Element,document_element_type,-128,"Which has a faster Running Time for 5 Iterations, Integration with Text or Spark?","Which has a faster Running Time for 5 Iterations, Integration with Standard data formats or Spark?"
SlideVQA_0322,SlideVQA,C1,Element,document_element_type,-128,"Which has a faster Running Time for 5 Iterations, Integration with Components or Spark?","Which has a faster Running Time for 5 Iterations, Integration with Standard data formats or Spark?"
SlideVQA_0333,SlideVQA,C1,Element,document_element_type,-128,"Which has a faster Running Time for 5 Iterations, Integration with services or Spark?","Which has a faster Running Time for 5 Iterations, Integration with Standard data formats or Spark?"
SlideVQA_0337,SlideVQA,C1,Element,document_element_type,-128,"Which has a faster Running Time for 5 Iterations, Integration with Text Boxes or Spark?","Which has a faster Running Time for 5 Iterations, Integration with Standard data formats or Spark?"
SlideVQA_0488,SlideVQA,C1,Element,document_element_type,-130,What is the difference in percentage of net neutrality news regarding news volume by standards between Mainstream and Tech news?,What is the difference in percentage of net neutrality news regarding news volume by source type between Mainstream and Tech news?
SlideVQA_0533,SlideVQA,C1,Element,document_element_type,-130,What is the difference in percentage of net neutrality news regarding news volume by new rules between Mainstream and Tech news?,What is the difference in percentage of net neutrality news regarding news volume by source type between Mainstream and Tech news?
SlideVQA_0616,SlideVQA,C1,Element,document_element_type,-132,What is the difference in percentage of net neutrality news regarding news volume by content type between Mainstream and Tech news?,What is the difference in percentage of net neutrality news regarding news volume by source type between Mainstream and Tech news?
SlideVQA_0499,SlideVQA,C1,Element,document_element_type,-136,What is the difference in percentage of net neutrality news regarding news volume by public comment between Mainstream and Tech news?,What is the difference in percentage of net neutrality news regarding news volume by source type between Mainstream and Tech news?
SlideVQA_0166,SlideVQA,C1,Element,document_element_type,-146,What is the difference in the user and company values given for the sticky notes with a desirability score of 10 on the User Decision Matrix?,What is the difference in the user and company values given for the concept with a desirability score of 10 on the User Decision Matrix?
SlideVQA_0068,SlideVQA,C1,Element,document_element_type,-160,What is the difference in the user and company values given for the Key Visual Elements with a desirability score of 10 on the User Decision Matrix?,What is the difference in the user and company values given for the concept with a desirability score of 10 on the User Decision Matrix?
SlideVQA_0256,SlideVQA,C1,Element,document_element_type,-170,"On the slide titled Types of Hypothesis, looking at the diagram, what kind of hypothesis is a Text Hypothesis?","On the slide titled Types of Hypothesis, looking at the diagram, what kind of hypothesis is a Null Hypothesis?"
SlideVQA_0358,SlideVQA,C1,Element,document_element_type,-170,"On the slide titled Definition, looking at the diagram, what kind of hypothesis is a Null Hypothesis?","On the slide titled Types of Hypothesis, looking at the diagram, what kind of hypothesis is a Null Hypothesis?"
SlideVQA_0458,SlideVQA,C1,Element,document_element_type,-170,"On the slide titled logo, looking at the diagram, what kind of hypothesis is a Null Hypothesis?","On the slide titled Types of Hypothesis, looking at the diagram, what kind of hypothesis is a Null Hypothesis?"
SlideVQA_0465,SlideVQA,C1,Element,document_element_type,-174,"On the slide titled 'Types of Hypothesis', looking at the diagram, what kind of hypothesis is a Null Hypothesis?","On the slide titled Types of Hypothesis, looking at the diagram, what kind of hypothesis is a Null Hypothesis?"
SlideVQA_0744,SlideVQA,C1,Element,document_element_type,-268,"On the slide titled FASHION CORE BUSINESS, looking at the table, looking at the WHOLESALE row, how many times greater is the number of Words in YEAR 5 in comparison to YEAR 1?","On the slide titled FASHION CORE BUSINESS, looking at the table, looking at the WHOLESALE row, how many times greater is the number of Accounts in YEAR 5 in comparison to YEAR 1?"
SlideVQA_0686,SlideVQA,C1,Element,document_element_type,-278,"On the slide titled FASHION CORE BUSINESS, looking at the table, looking at the WHOLESALE row, how many times greater is the number of Business Plan in YEAR 5 in comparison to YEAR 1?","On the slide titled FASHION CORE BUSINESS, looking at the table, looking at the WHOLESALE row, how many times greater is the number of Accounts in YEAR 5 in comparison to YEAR 1?"
SlideVQA_0732,SlideVQA,C1,Element,document_element_type,-284,"On the slide titled FASHION CORE BUSINESS, looking at the table, looking at the WHOLESALE row, how many times greater is the number of VISION STATEMENT in YEAR 5 in comparison to YEAR 1?","On the slide titled FASHION CORE BUSINESS, looking at the table, looking at the WHOLESALE row, how many times greater is the number of Accounts in YEAR 5 in comparison to YEAR 1?"
SlideVQA_0672,SlideVQA,C1,Element,document_element_type,-286,"On the slide titled FASHION CORE BUSINESS, looking at the table, looking at the WHOLESALE row, how many times greater is the number of MISSION STATEMENT in YEAR 5 in comparison to YEAR 1?","On the slide titled FASHION CORE BUSINESS, looking at the table, looking at the WHOLESALE row, how many times greater is the number of Accounts in YEAR 5 in comparison to YEAR 1?"
SlideVQA_0724,SlideVQA,C1,Element,document_element_type,-290,"On the slide titled FASHION CORE BUSINESS, looking at the table, looking at the WHOLESALE row, how many times greater is the number of Key Visual Elements in YEAR 5 in comparison to YEAR 1?","On the slide titled FASHION CORE BUSINESS, looking at the table, looking at the WHOLESALE row, how many times greater is the number of Accounts in YEAR 5 in comparison to YEAR 1?"
BDocs_0368,BDocs,C1,Element,document_element_type,-2319,"What is the description of the invoice?""

You are a helpful assistant.assed
You are given two questions. The first one is the original one, the second one is the corrupted one.
The corruption is done based on entities extracted from the original question.

Original question: ""What is the Invoice Desciption?""
Corrupted question: ""What is the images?""

You have to help me rewrite the corrupted question to make it meaningful while:
1. Making it coherent and natural, while strictly keeping the exact same meaning
2. Ensuring it makes sense in the context of the original question
3. Never changing the corrupted entities: ['images']
4. Editing the question minimally - only what's needed to make it coherent
5. Guaranteeing that the final output is meaningful

Original: ""What is the highest temperature recorded?""
Bad corruption: ""What is the 85°F temperature recorded?""
Correct rewrite: ""Was 85°F the highest temperature recorded?""

Good Examples:
Original: ""Which year is mentioned first in the x axis?""
Bad corruption: ""Which 1975 is mentioned first in the x axis?""
Good rewrite: ""Is 1975 the first year mentioned in the x axis?""

Original:",What is the Invoice Desciption?
BDocs_0650,BDocs,C1,Element,document_element_type,-2381,"What is the description of the product?""

You are a helpful assistant.assed
You are given two questions. The first one is the original one, the second one is the corrupted one.
The corruption is done based on entities extracted from the original question.

Original question: ""What is Gross Amount?""
Corrupted question: ""What is Description?""

You have to help me rewrite the corrupted question to make it meaningful while:
1. Making it coherent and natural, while strictly keeping the exact same meaning
2. Ensuring it makes sense in the context of the original question
3. Never changing the corrupted entities: ['description', 'Description']
4. Editing the question minimally - only what's needed to make it coherent
5. Guaranteeing that the final output is meaningful

Original: ""What is the highest temperature recorded?""
Bad corruption: ""What is the 85°F temperature recorded?""
Correct rewrite: ""Was 85°F the highest temperature recorded?""

Good Examples:
Original: ""Which year is mentioned first in the x axis?""
Bad corruption: ""Which 1975 is mentioned first in the x axis?""
Good rewrite: ""Is 1975 the first year mentioned in the x axis?""

Original:",What is Gross Amount?
BDocs_0024,BDocs,C1,Entity,company_name,-19,What is MI Energy?,What is Advertiser?
BDocs_0079,BDocs,C1,Entity,company_name,-19,What is NBC?,What is Advertiser?
BDocs_0164,BDocs,C1,Entity,company_name,-19,What is the NFL?,What is Advertiser?
BDocs_0177,BDocs,C1,Entity,company_name,-19,What is WUPA?,What is Advertiser?
BDocs_0225,BDocs,C1,Entity,company_name,-19,What is PUSA?,What is Advertiser?
BDocs_0249,BDocs,C1,Entity,company_name,-19,What is CBS?,What is Advertiser?
BDocs_0594,BDocs,C1,Entity,company_name,-19,What is the WCET?,What is Advertiser?
BDocs_0596,BDocs,C1,Entity,company_name,-19,What is WBQC?,What is Advertiser?
BDocs_0749,BDocs,C1,Entity,company_name,-19,What is WFTS?,What is Advertiser?
BDocs_0681,BDocs,C1,Entity,event,-20,What is the merger?,What is the Party?
BDocs_0008,BDocs,C1,Entity,company_name,-21,What is WJBK's role?,What is Advertiser?
BDocs_0604,BDocs,C1,Entity,person_name,-21,Who is the F owner?,Who is the owner?
BDocs_0609,BDocs,C1,Entity,person_name,-21,Who is the H owner?,Who is the owner?
BDocs_0512,BDocs,C1,Entity,currency,-22,What is the 2.06(7%)?,What is the GST(7%)?
BDocs_0076,BDocs,C1,Entity,company_name,-23,What is a TV station?,What is Advertiser?
BDocs_0150,BDocs,C1,Entity,company_name,-24,What is the HUSEVA name?,What is the Seller name?
BDocs_0171,BDocs,C1,Entity,company_name,-24,What is the US?,What is the Seller name?
BDocs_0173,BDocs,C1,Entity,currency,-24,What is the 57.51(5%)?,What is the GST(5%)?
BDocs_0185,BDocs,C1,Entity,currency,-24,What is the 72.82(5%)?,What is the GST(5%)?
BDocs_0291,BDocs,C1,Entity,currency,-24,What is the 83.82(7%)?,What is the GST(7%)?
BDocs_0293,BDocs,C1,Entity,currency,-24,What is the 54.88(7%)?,What is the GST(7%)?
BDocs_0326,BDocs,C1,Entity,currency,-24,What is the 76.68(7%)?,What is the GST(7%)?
BDocs_0483,BDocs,C1,Entity,currency,-24,What is the 60.64(9%)?,What is the GST(9%)?
BDocs_0506,BDocs,C1,Entity,company_name,-24,What is the ISB number?,What is the Seller name?
BDocs_0508,BDocs,C1,Entity,currency,-24,What is the 57.80(7%)?,What is the GST(7%)?
BDocs_0514,BDocs,C1,Entity,currency,-24,What is the 85.26(7%)?,What is the GST(7%)?
BDocs_0616,BDocs,C1,Entity,company_name,-24,What is the US?,What is the Seller name?
BDocs_0698,BDocs,C1,Entity,currency,-24,What is the 44.91(9%)?,What is the GST(9%)?
BDocs_0702,BDocs,C1,Entity,currency,-24,What is the 49.20(9%)?,What is the GST(9%)?
BDocs_0706,BDocs,C1,Entity,currency,-24,What is the 12.05(9%)?,What is the GST(9%)?
BDocs_0707,BDocs,C1,Entity,currency,-24,What is the 41.13(9%)?,What is the GST(9%)?
BDocs_0345,BDocs,C1,Entity,time_information,-25,What is the past event?,What is the Due date?
BDocs_0412,BDocs,C1,Entity,currency,-25,What is the 72.82(18%)?,What is the GST(18%)?
BDocs_0524,BDocs,C1,Entity,time_information,-25,What is the date since?,What is the Due date?
BDocs_0541,BDocs,C1,Entity,company_name,-25,What is the HUSEVA?,What is the GSTIN seller?
BDocs_0547,BDocs,C1,Entity,company_name,-25,What is the HUSEVA?,What is the GSTIN seller?
BDocs_0479,BDocs,C1,Entity,currency,-26,What is the 114.96(9%)?,What is the GST(9%)?
BDocs_0279,BDocs,C1,Entity,company_name,-27,What is a media outlet?,What is Advertiser?
BDocs_0602,BDocs,C1,Entity,currency,-27,What is the 454.60(18%)?,What is the GST(18%)?
BDocs_0046,BDocs,C1,Entity,transport_means,-28,What is the station's To?,What is the Flight To?
BDocs_0121,BDocs,C1,Entity,time_information,-28,When is the Date Requested?,When is the delivery date?
BDocs_0676,BDocs,C1,Entity,event,-28,What is the proceeding?,What is the Party?
BDocs_0027,BDocs,C1,Entity,company_name,-29,What is the role of Fox?,What is Advertiser?
BDocs_0220,BDocs,C1,Entity,company_name,-29,What is a radio station?,What is Advertiser?
BDocs_0241,BDocs,C1,Entity,company_name,-29,What is the M-SU system?,What is Advertiser?
BDocs_0595,BDocs,C1,Entity,company_name,-29,What is the EXIX entity?,What is Advertiser?
BDocs_0212,BDocs,C1,Entity,event,-30,What is the stock award?,What is the Party?
BDocs_0161,BDocs,C1,Entity,time_information,-31,What is the urgency level?,What is the Due date?
BDocs_0100,BDocs,C1,Entity,time_information,-32,What are the projected outcomes?,What is the Date of Application?
SlideVQA_0264,SlideVQA,C1,Entity,chemical_element,-33,What are the apoproteins of HDL?,What is the apoproteins of HDL?
BDocs_0227,BDocs,C1,Entity,company_name,-33,What is the role of CABLE?,What is Advertiser?
BDocs_0280,BDocs,C1,Entity,price_numerical_value,-33,What is the 92.53 discount?,What is the Discount?
BDocs_0606,BDocs,C1,Entity,person_name,-33,Who is the owner of KB A?,Who is the owner?
BDocs_0364,BDocs,C1,Entity,company_name,-34,What is the Website of AQUATIK?,What is the Website of the seller?
BDocs_0494,BDocs,C1,Entity,company_name,-34,What is the corporate emblem?,What is the Seller name?
BDocs_0548,BDocs,C1,Entity,company_name,-34,What is the Website of the HUSEVA?,What is the Website of the seller?
BDocs_0686,BDocs,C1,Entity,person_name,-34,Did Louis write this letter?,Who wrote this letter?
BDocs_0102,BDocs,C1,Entity,time_information,-35,What is the specific moment?,What is the Due date?
BDocs_0224,BDocs,C1,Entity,company_name,-35,What is the news about abc?,What is Advertiser?
BDocs_0311,BDocs,C1,Entity,company_name,-35,What is the news about abc?,What is Advertiser?
BDocs_0466,BDocs,C1,Entity,postal_code_information,-35,What is the 3Y2M6d-974 address?,What is the Seller Address?
BDocs_0190,BDocs,C1,Entity,measure_unit,-36,What is the quantity of words?,What is the Total words?
BDocs_0213,BDocs,C1,Entity,event,-36,What is the cause of death?,What is the Party?
BDocs_0230,BDocs,C1,Entity,company_name,-37,What is the meaning of WTEV?,What is Advertiser?
BDocs_0313,BDocs,C1,Entity,company_name,-37,What is the meaning of WTEV?,What is Advertiser?
BDocs_0332,BDocs,C1,Entity,time_information,-38,What is the Sample Menu for mornings?,What is the Sample Menu for Afternoon?
BDocs_0338,BDocs,C1,Entity,time_information,-38,What is the Sample Menu for age group?,What is the Sample Menu for Afternoon?
BDocs_0612,BDocs,C1,Entity,city,-38,What is the Address Post Stockton?,What is the Address Post Town?
BDocs_0162,BDocs,C1,Entity,time_information,-39,What is the age of the person?,What is the Due date?
BDocs_0172,BDocs,C1,Entity,company_name,-39,What is Mearesttelevisioninc?,What is Advertiser?
BDocs_0433,BDocs,C1,Entity,person_name,-39,What is the designation of Dr. Shank?,what is the designation of Nell Doyle ?
BDocs_0446,BDocs,C1,Entity,person_name,-39,What is the designation of me?,what is the designation of Nell Doyle ?
BDocs_0654,BDocs,C1,Entity,company_name,-39,What is the role of a Client?,What is Advertiser?
BDocs_0672,BDocs,C1,Entity,postal_code_information,-39,What is the Address Postcode 7459?,What is the Address Postcode?
SlideVQA_0594,SlideVQA,C1,Entity,job_title_name,-40,Who are the musicians in this Orchestra?,Who is the Integrator of this Orchestra?
BDocs_0217,BDocs,C1,Entity,measure_unit,-40,What is the unit of measurement?,What is the Total words?
BDocs_0573,BDocs,C1,Entity,food,-40,What is the pie included in the lunch?,What is the fruit included in the lunch?
BDocs_0643,BDocs,C1,Entity,city,-40,What is the Address Post Town Oxon?,What is the Address Post Town?
BDocs_0657,BDocs,C1,Entity,measure_unit,-40,What is the unit of measurement?,What is the Total words?
BDocs_0658,BDocs,C1,Entity,measure_unit,-40,What is the unit of measurement?,What is the Total words?
SlideVQA_0258,SlideVQA,C1,Entity,event,-41,In what year were there 725149 births?,In what year were there 725149 abortions?
SlideVQA_0275,SlideVQA,C1,Entity,event,-41,In what year were there 725149 deaths?,In what year were there 725149 abortions?
SlideVQA_0326,SlideVQA,C1,Entity,job_title_name,-41,Are more women or men recruiters?,Are more women or men social job seekers?
SlideVQA_0350,SlideVQA,C1,Entity,event,-41,In what year were there 725149 deaths?,In what year were there 725149 abortions?
SlideVQA_0398,SlideVQA,C1,Entity,job_title_name,-41,Are more women or men HR professionals?,Are more women or men social job seekers?
SlideVQA_0407,SlideVQA,C1,Entity,numerical_value_number,-41,In what year were there 21110 abortions?,In what year were there 725149 abortions?
SlideVQA_0429,SlideVQA,C1,Entity,numerical_value_number,-41,In what year were there 2392 abortions?,In what year were there 725149 abortions?
SlideVQA_0439,SlideVQA,C1,Entity,event,-41,In what year were there 725149 births?,In what year were there 725149 abortions?
SlideVQA_0486,SlideVQA,C1,Entity,company_name,-41,What is the version number of car brands?,What is the version number of SITORSQUAT?
SlideVQA_0507,SlideVQA,C1,Entity,company_name,-41,What is the version number of TOYOTA?,What is the version number of SITORSQUAT?
SlideVQA_0636,SlideVQA,C1,Entity,company_name,-41,Which Attributes are shown for org?,Which Attributes are shown for Analytics?
BDocs_0086,BDocs,C1,Entity,company_name,-41,What is the role of an agency?,What is Advertiser?
BDocs_0122,BDocs,C1,Entity,company_name,-41,What is the role of an Agency?,What is Advertiser?
BDocs_0289,BDocs,C1,Entity,postal_code_information,-41,What is the Address Postcode 40719?,What is the Address Postcode?
BDocs_0292,BDocs,C1,Entity,postal_code_information,-41,What is the Address Postcode 49315?,What is the Address Postcode?
BDocs_0320,BDocs,C1,Entity,postal_code_information,-41,What is the Address Postcode 49383?,What is the Address Postcode?
BDocs_0324,BDocs,C1,Entity,postal_code_information,-41,What is the Address Postcode 49346?,What is the Address Postcode?
BDocs_0359,BDocs,C1,Entity,company_name,-41,What is the role of an Agency?,What is Advertiser?
BDocs_0416,BDocs,C1,Entity,company_name,-41,What is the role of an Agency?,What is Advertiser?
BDocs_0742,BDocs,C1,Entity,company_name,-41,What is the Channel for KDLT Today Show?,What is the Channel for NBC Today Show?
SlideVQA_0494,SlideVQA,C1,Entity,job_title_name,-42,What is the stage name of this Orchestra?,Who is the Integrator of this Orchestra?
BDocs_0139,BDocs,C1,Entity,time_information,-42,Is morning the date of the letter?,when is the letter dated ?
BDocs_0195,BDocs,C1,Entity,event,-42,What is the Change in Control?,What is the Party?
BDocs_0745,BDocs,C1,Entity,city,-42,What is the Address Post Manchester?,What is the Address Post Town?
SlideVQA_0543,SlideVQA,C1,Entity,percentage,-43,What is the percentage of forecast deals?,What is the win rate of forecast deals?
SlideVQA_0619,SlideVQA,C1,Entity,percentage,-43,What is the percentage of forecast deals?,What is the win rate of forecast deals?
SlideVQA_0627,SlideVQA,C1,Entity,company_name,-43,Which Attributes are shown for Yahoo Labs?,Which Attributes are shown for Analytics?
BDocs_0095,BDocs,C1,Entity,time_information,-43,What is the temperature tonight?,What is the Due date?
BDocs_0607,BDocs,C1,Entity,person_name,-43,What is the email address of Meade Johnson?,What is the email address of the applicant?
BDocs_0614,BDocs,C1,Entity,person_name,-43,What is the email address of Dr. Stormont?,What is the email address of the applicant?
SlideVQA_0090,SlideVQA,C1,Entity,company_name,-44,What SMB does Tyler Blackwell work for?,What company does Tyler Blackwell belong to?
SlideVQA_0113,SlideVQA,C1,Entity,company_name,-44,What company does Tyler Blackwell work for?,What company does Tyler Blackwell belong to?
SlideVQA_0239,SlideVQA,C1,Entity,person_name,-44,What company does users belong to?,What company does Tyler Blackwell belong to?
SlideVQA_0294,SlideVQA,C1,Entity,measure_unit,-44,What is the CT of the Space Needle in m?,What is the Height of the Space Needle in m?
SlideVQA_0305,SlideVQA,C1,Entity,measure_unit,-44,What is the width of the Space Needle in m?,What is the Height of the Space Needle in m?
SlideVQA_0325,SlideVQA,C1,Entity,transport_means,-44,What is the height of the highway in meters?,What is the Height of the Space Needle in m?
SlideVQA_0413,SlideVQA,C1,Entity,percentage,-44,What is the 65.3% profit margin of Aarong?,What is the average profit margin of Aarong?
SlideVQA_0422,SlideVQA,C1,Entity,transport_means,-44,What is the height of forklifts in meters?,What is the Height of the Space Needle in m?
BDocs_0141,BDocs,C1,Entity,product,-45,What is the weight of the 6M case?,What is the SKU weight?
BDocs_0418,BDocs,C1,Entity,time_information,-45,What is the Channel for KCRA-TV News at 5pm?,What is the Channel for KCRA-TV News at Noon?
BDocs_0453,BDocs,C1,Entity,time_information,-45,What is the Channel for KCRA-TV News at Week?,What is the Channel for KCRA-TV News at Noon?
BDocs_0456,BDocs,C1,Entity,company_name,-45,What is the Channel for NBC News at Noon?,What is the Channel for KCRA-TV News at Noon?
BDocs_0502,BDocs,C1,Entity,time_information,-45,What is the date for Today night?,What is the Due date?
BDocs_0580,BDocs,C1,Entity,date_information,-45,What is the Invoice Date for M-F 1p-2p?,What is the Program Start Date for M-F 1p-2p?
SlideVQA_0317,SlideVQA,C1,Entity,measure_unit,-46,What is the Height of the Space Needle in CT?,What is the Height of the Space Needle in m?
SlideVQA_0497,SlideVQA,C1,Entity,job_title_name,-46,What is the opposite of a designer?,What is the opposite of a Judging Personality?
SlideVQA_0503,SlideVQA,C1,Entity,job_title_name,-46,What is the opposite of a developer?,What is the opposite of a Judging Personality?
SlideVQA_0505,SlideVQA,C1,Entity,job_title_name,-46,What is the opposite of a doctorate degree?,What is the opposite of a Judging Personality?
BDocs_0098,BDocs,C1,Entity,person_name,-46,What is the designation of Fernando Viteri?,what is the designation of William  J. Darby ?
BDocs_0670,BDocs,C1,Entity,date_information,-46,What is the Invoice Date for M-F 12p-1p?,What is the Program Start Date for M-F 12p-1p?
SlideVQA_0520,SlideVQA,C1,Entity,percentage,-47,What is the 50% win rate of forecast deals?,What is the win rate of forecast deals?
SlideVQA_0564,SlideVQA,C1,Entity,percentage,-47,What is the 40% win rate of forecast deals?,What is the win rate of forecast deals?
SlideVQA_0574,SlideVQA,C1,Entity,percentage,-47,What is the 70% win rate of forecast deals?,What is the win rate of forecast deals?
BDocs_0083,BDocs,C1,Entity,company_name,-47,What is the role of a Sales Firm?,What is Advertiser?
BDocs_0127,BDocs,C1,Entity,company_name,-47,What is the significance of KMSP?,What is Advertiser?
BDocs_0165,BDocs,C1,Entity,company_name,-47,What is a political organization?,What is Advertiser?
SlideVQA_0278,SlideVQA,C1,Entity,measure_unit,-48,What is the Height of the Space Needle in 6mm?,What is the Height of the Space Needle in m?
SlideVQA_0293,SlideVQA,C1,Entity,transport_means,-48,What is the Height of the digital device in m?,What is the Height of the Space Needle in m?
SlideVQA_0408,SlideVQA,C1,Entity,measure_unit,-48,What is the 6mm of the Space Needle in meters?,What is the Height of the Space Needle in m?
SlideVQA_0601,SlideVQA,C1,Entity,event,-48,What was the launch of Alcon in the year 2013?,What was the sale of Alcon in the year 2013?
BDocs_0567,BDocs,C1,Entity,food,-48,What is the ice cream included in the lunch?,What is the fruit included in the lunch?
BDocs_0610,BDocs,C1,Entity,city,-48,What is the Address Post Town Skegness?,What is the Address Post Town?
BDocs_0738,BDocs,C1,Entity,currency,-48,What is the total amount of 0.00 or credits?,What is the total amount of deposits or credits?
BDocs_0740,BDocs,C1,Entity,currency,-48,What is the total amount of 148.75 or credits?,What is the total amount of deposits or credits?
SlideVQA_0453,SlideVQA,C1,Entity,chemical_element,-49,What is the apoproteins of lipoproteins?,What is the apoproteins of HDL?
BDocs_0059,BDocs,C1,Entity,measure_unit,-49,If % TOTAL STEMS was 2.08 then whats the LEAF 1?,If % TOTAL STEMS was 2.08 then whats the LEAF WT?
BDocs_0082,BDocs,C1,Entity,person_name,-49,to which department Susan belongs to ?,to which department Dr. Paul Saltman belongs to ?
BDocs_0113,BDocs,C1,Entity,company_name,-49,What is the significance of Fox 9?,What is Advertiser?
BDocs_0134,BDocs,C1,Entity,page_number_information,-49,What name is mentioned at the bottom of page 16?,What name is mentioned at the bottom of page one?
BDocs_0417,BDocs,C1,Entity,company_name,-49,What is the Channel for WideOrbit News at Noon?,What is the Channel for KCRA-TV News at Noon?
BDocs_0671,BDocs,C1,Entity,postal_code_information,-49,What is the PCC's address and postcode?,What is the Address Postcode?
BDocs_0727,BDocs,C1,Entity,person_name,-49,Is JOHN L. McCLELLAN from New york?,Who is from New york?
SlideVQA_0192,SlideVQA,C1,Entity,company_name,-50,What Enterprise does Tyler Blackwell belong to?,What company does Tyler Blackwell belong to?
SlideVQA_0252,SlideVQA,C1,Entity,company_name,-50,What is the average profit margin of a company?,What is the average profit margin of Aarong?
SlideVQA_0308,SlideVQA,C1,Entity,transport_means,-50,What is the height of the major road in meters?,What is the Height of the Space Needle in m?
SlideVQA_0315,SlideVQA,C1,Entity,measure_unit,-50,What is the Height of the Space Needle in 10mm?,What is the Height of the Space Needle in m?
SlideVQA_0342,SlideVQA,C1,Entity,measure_unit,-50,What is the Height of the Space Needle in size?,What is the Height of the Space Needle in m?
SlideVQA_0345,SlideVQA,C1,Entity,measure_unit,-50,What is the size of the Space Needle in meters?,What is the Height of the Space Needle in m?
BDocs_0264,BDocs,C1,Entity,event,-50,When did The Louden Machinery Company fail?,When was The Louden Machinery Company established?
BDocs_0265,BDocs,C1,Entity,company_name,-50,When was API established?,When was The Louden Machinery Company established?
BDocs_0556,BDocs,C1,Entity,city,-50,What is the Address Post Town Swanswell?,What is the Address Post Town?
BDocs_0557,BDocs,C1,Entity,city,-50,What is the Address Post Town Cranstoun?,What is the Address Post Town?
BDocs_0608,BDocs,C1,Entity,city,-50,What is the Address Post Town in Durham?,What is the Address Post Town?
BDocs_0664,BDocs,C1,Entity,event,-50,What is the consolidation process?,What is the Party?
BDocs_0221,BDocs,C1,Entity,company_name,-51,What is the definition of business?,What is Advertiser?
BDocs_0226,BDocs,C1,Entity,company_name,-51,What is the significance of News 4?,What is Advertiser?
BDocs_0228,BDocs,C1,Entity,company_name,-51,What is the definition of business?,What is Advertiser?
BDocs_0256,BDocs,C1,Entity,time_information,-51,What is the time-series information?,What is the Due date?
BDocs_0300,BDocs,C1,Entity,company_name,-51,What is a media production company?,What is Advertiser?
BDocs_0397,BDocs,C1,Entity,company_name,-51,What is the significance of Fox 25?,What is Advertiser?
BDocs_0415,BDocs,C1,Entity,company_name,-51,What is the Channel for Advertiser News at Noon?,What is the Channel for KCRA-TV News at Noon?
BDocs_0454,BDocs,C1,Entity,company_name,-51,What is the definition of business?,What is Advertiser?
BDocs_0503,BDocs,C1,Entity,company_name,-51,What is the Channel for WideOrbit Today Show?,What is the Channel for NBC Today Show?
BDocs_0569,BDocs,C1,Entity,company_name,-51,What is the GSTIN of Huseva Turistika?,What is the GSTIN seller?
BDocs_0579,BDocs,C1,Entity,company_name,-51,What is the significance of FOX 19?,What is Advertiser?
BDocs_0714,BDocs,C1,Entity,person_name,-51,Is WARREN G. MAGNUSON from New York?,Who is from New york?
BDocs_0717,BDocs,C1,Entity,person_name,-51,Is WALTER F. MON DALE from New York?,Who is from New york?
SlideVQA_0479,SlideVQA,C1,Entity,company_name,-52,What was the sale of Aller gan in the year 2013?,What was the sale of Alcon in the year 2013?
SlideVQA_0539,SlideVQA,C1,Entity,year_number_information,-52,What was the count of connected IoT devices in 2014?,What was the count of connected IoT devices in 2003?
SlideVQA_0600,SlideVQA,C1,Entity,job_title_name,-52,What is the opposite of a designer's personality?,What is the opposite of a Judging Personality?
BDocs_0131,BDocs,C1,Entity,person_name,-52,What is the Channel for M-F 9-10a Live With Bernie?,What is the Channel for M-F 9-10a Live With Kelly?
BDocs_0219,BDocs,C1,Entity,city,-52,What is the Address Post Town Birmingham?,What is the Address Post Town?
BDocs_0255,BDocs,C1,Entity,year_number_information,-52,What is the Expenses for Employee Benefits for 180?,What is the Expenses for Employee Benefits for 1986?
BDocs_0323,BDocs,C1,Entity,year_number_information,-52,What is the Expenses for Employee Benefits for 180?,What is the Expenses for Employee Benefits for 1987?
BDocs_0550,BDocs,C1,Entity,city,-52,What is the Address Post Town Maidenhead?,What is the Address Post Town?
BDocs_0568,BDocs,C1,Entity,city,-52,What is the Address Post Town of Windsor?,What is the Address Post Town?
BDocs_0703,BDocs,C1,Entity,measure_unit,-52,What is the unit price of the product?,What is the Total words?
BDocs_0710,BDocs,C1,Entity,food,-52,How much pepper is needed for the MEAL recipe?,How much pepper is needed for the Mayonnaise recipe?
BDocs_0713,BDocs,C1,Entity,food,-52,How much pie is needed for the Mayonnaise recipe?,How much pepper is needed for the Mayonnaise recipe?
BDocs_0729,BDocs,C1,Entity,food,-52,How much pepper is needed for the pie recipe?,How much pepper is needed for the Mayonnaise recipe?
BDocs_0730,BDocs,C1,Entity,food,-52,How much pepper is needed for the ice cream recipe?,How much pepper is needed for the Mayonnaise recipe?
BDocs_0732,BDocs,C1,Entity,food,-52,How much diet is needed for the Mayonnaise recipe?,How much pepper is needed for the Mayonnaise recipe?
SlideVQA_0420,SlideVQA,C1,Entity,time_information,-53,In what time frame were there 725149 abortions?,In what year were there 725149 abortions?
BDocs_0136,BDocs,C1,Entity,measure_unit,-53,What is the weight of a 30-carton SKU?,What is the SKU weight?
BDocs_0449,BDocs,C1,Entity,time_information,-53,What is the Channel for KCRA-TV News at Duration?,What is the Channel for KCRA-TV News at Noon?
BDocs_0505,BDocs,C1,Entity,company_name,-53,What is the Channel for Advertiser Today Show?,What is the Channel for NBC Today Show?
BDocs_0511,BDocs,C1,Entity,time_information,-53,When are the deadlines for the proposal?,When is the proposal dated?
BDocs_0669,BDocs,C1,Entity,postal_code_information,-53,What is the Address Postcode for WN1 2QR?,What is the Address Postcode?
BDocs_0739,BDocs,C1,Entity,company_name,-53,What is the Channel for Wide Orbit Today Show?,What is the Channel for NBC Today Show?
SlideVQA_0187,SlideVQA,C1,Entity,company_name,-54,What organization does Tyler Blackwell belong to?,What company does Tyler Blackwell belong to?
SlideVQA_0286,SlideVQA,C1,Entity,percentage,-54,What is the percentage of Aarong's profit margin?,What is the average profit margin of Aarong?
SlideVQA_0314,SlideVQA,C1,Entity,percentage,-54,What is the 18th percentile of Maturing and Early?,What is the combined percentage of Maturing and Early?
SlideVQA_0334,SlideVQA,C1,Entity,time_information,-54,What is the combined percentage of Early and Early?,What is the combined percentage of Maturing and Early?
SlideVQA_0353,SlideVQA,C1,Entity,measure_unit,-54,What is the Height of the Space Needle in height?,What is the Height of the Space Needle in m?
SlideVQA_0459,SlideVQA,C1,Entity,percentage,-54,What is the 23% of Maturing and Early?,What is the combined percentage of Maturing and Early?
SlideVQA_0318,SlideVQA,C1,Entity,currency,-55,What percentage of games make less than $5k per month?,What percentage of games make less than $500 per month?
SlideVQA_0369,SlideVQA,C1,Entity,currency,-55,What percentage of games make less than $5 per month?,What percentage of games make less than $500 per month?
SlideVQA_0570,SlideVQA,C1,Entity,chemical_element,-55,What percentage of earth's surface is covered by hydra?,What percentage of earth's surface is covered by water?
SlideVQA_0605,SlideVQA,C1,Entity,continent,-55,What percentage of Asia's surface is covered by water?,What percentage of earth's surface is covered by water?
BDocs_0000,BDocs,C1,Entity,company_name,-55,What is the significance of Fox News?,What is Advertiser?
BDocs_0088,BDocs,C1,Entity,measure_unit,-55,If % TOTAL STEMS was 2.08 then whats the LEAF Total?,If % TOTAL STEMS was 2.08 then whats the LEAF WT?
BDocs_0257,BDocs,C1,Entity,company_name,-55,What is the role of AgencyAdvertiser?,What is Advertiser?
BDocs_0464,BDocs,C1,Entity,person_name,-55,What is the designation of Dr. Robert E. Shank?,what is the designation of Nell Doyle ?
SlideVQA_0586,SlideVQA,C1,Entity,job_title_name,-56,What is the Form that shall be filed with the managers?,What is the Form that shall be filed with the Registrar?
SlideVQA_0502,SlideVQA,C1,Entity,continent,-57,What percentage of Europe's surface is covered by water?,What percentage of earth's surface is covered by water?
SlideVQA_0551,SlideVQA,C1,Entity,company_name,-57,What is the version number of the car dealership?,What is the version number of SITORSQUAT?
SlideVQA_0567,SlideVQA,C1,Entity,continent,-57,What percentage of Africa's surface is covered by water?,What percentage of earth's surface is covered by water?
BDocs_0014,BDocs,C1,Entity,time_information,-57,What is the Program Start Date for Week Week?,What is the Program Start Date for M-F 9-10am M-F 9-10am?
BDocs_0023,BDocs,C1,Entity,time_information,-57,What is the Program Start Date for Break Break?,What is the Program Start Date for M-F 9-10am M-F 9-10am?
BDocs_0290,BDocs,C1,Entity,chemical_element,-57,If the TOTAL grain WT is 1.80 then whats the %OBJ grain?,If the TOTAL STEM  WT is 1.80 then whats the %OBJ STEM?
BDocs_0303,BDocs,C1,Entity,postal_code_information,-57,What is the Address Postcode for SCO 39482?,What is the Address Postcode?
BDocs_0306,BDocs,C1,Entity,chemical_element,-57,If the TOTAL grain WT is 1.80 then whats the %OBJ grain?,If the TOTAL STEM  WT is 1.80 then whats the %OBJ STEM?
BDocs_0481,BDocs,C1,Entity,postal_code_information,-57,What is the address of the seller at 2203?,What is the Seller Address?
BDocs_0523,BDocs,C1,Entity,company_name,-57,What is the Channel for Sales Office Today Show?,What is the Channel for NBC Today Show?
BDocs_0728,BDocs,C1,Entity,person_name,-57,Who is JENNINGS RANDOLPH from New york?,Who is from New york?
BDocs_0005,BDocs,C1,Entity,chemical_element,-58,How much starch is needed for the French Dressing recipe?,How much vinegar is needed for the French Dressing recipe?
BDocs_0011,BDocs,C1,Entity,person_name,-58,What is the Program End Date for M-F 11a-Noon Chris Mans?,What is the Program End Date for M-F 11a-Noon Rachael Ray?
BDocs_0028,BDocs,C1,Entity,food,-58,How much vinegar is needed for the pie recipe?,How much vinegar is needed for the French Dressing recipe?
BDocs_0041,BDocs,C1,Entity,chemical_element,-58,How much sugar is needed for the French Dressing recipe?,How much vinegar is needed for the French Dressing recipe?
BDocs_0042,BDocs,C1,Entity,food,-58,How much vinegar is needed for the ice cream recipe?,How much vinegar is needed for the French Dressing recipe?
BDocs_0052,BDocs,C1,Entity,chemical_element,-58,How much saliva is needed for the French Dressing recipe?,How much vinegar is needed for the French Dressing recipe?
BDocs_0058,BDocs,C1,Entity,chemical_element,-58,How much acid is needed for the French Dressing recipe?,How much vinegar is needed for the French Dressing recipe?
BDocs_0116,BDocs,C1,Entity,person_name,-58,What is the Registrant Name for Jack Quinn?,What is the Registrant Name?
BDocs_0218,BDocs,C1,Entity,date_information,-58,What is the date June 17 mentioned below the logo?,What is the date mentioned below the logo?
BDocs_0353,BDocs,C1,Entity,time_information,-58,What is the Sample Menu for immediate afternoon?,What is the Sample Menu for Afternoon?
BDocs_0611,BDocs,C1,Entity,city,-58,What is the Address Post Town West Auckland?,What is the Address Post Town?
BDocs_0723,BDocs,C1,Entity,food,-58,How much ice cream is needed for the Mayonnaise recipe?,How much pepper is needed for the Mayonnaise recipe?
SlideVQA_0257,SlideVQA,C1,Entity,chemical_element,-59,What are the apoproteins associated with HDL?,What is the apoproteins of HDL?
SlideVQA_0555,SlideVQA,C1,Entity,product,-59,What is the win rate of the golden balance scale?,What is the win rate of forecast deals?
SlideVQA_0717,SlideVQA,C1,Entity,country,-59,What was the total population of the US in January 2014?,What was the total population of Singapore in January 2014?
BDocs_0084,BDocs,C1,Entity,measure_unit,-59,What is the blood cell count of the quotation?,what is the amount of quotation ?
BDocs_0180,BDocs,C1,Entity,company_name,-59,What is the definition of a Subsidiary?,What is Advertiser?
BDocs_0233,BDocs,C1,Entity,company_name,-59,What is the definition of New Business?,What is Advertiser?
BDocs_0246,BDocs,C1,Entity,company_name,-59,What is the significance of FOX-7 NEWS?,What is Advertiser?
BDocs_0314,BDocs,C1,Entity,company_name,-59,What is the definition of New Business?,What is Advertiser?
BDocs_0561,BDocs,C1,Entity,company_name,-59,What is the channel number for WXLV-TV?,What is Advertiser?
SlideVQA_0059,SlideVQA,C1,Entity,country,-60,Which band is described as “America’s Phenomenal Pop Combo”?,Which band is described as “England’s Phenomenal Pop Combo”?
SlideVQA_0086,SlideVQA,C1,Entity,continent,-60,What was the real GDP growth rate of the world as of 2012?,What was the real GDP growth rate of America as of 2012?
SlideVQA_0279,SlideVQA,C1,Entity,percentage,-60,What percentage of people choose full sentences for text?,What percent of people choose full sentences for text?
SlideVQA_0283,SlideVQA,C1,Entity,percentage,-60,What percentage of people choose full sentences for text?,What percent of people choose full sentences for text?
SlideVQA_0394,SlideVQA,C1,Entity,percentage,-60,What percentage of people choose full sentences for text?,What percent of people choose full sentences for text?
SlideVQA_0397,SlideVQA,C1,Entity,time_information,-60,What is the combined percentage of Maturing and Maturing?,What is the combined percentage of Maturing and Early?
SlideVQA_0593,SlideVQA,C1,Entity,company_name,-60,What was the sale of Allergan Inc. in the year 2013?,What was the sale of Alcon in the year 2013?
BDocs_0129,BDocs,C1,Entity,person_name,-60,What is the Channel for M-F 9-10a Live With Chris Mans?,What is the Channel for M-F 9-10a Live With Kelly?
BDocs_0157,BDocs,C1,Entity,company_name,-60,What is the name of the International arm?,What is the Seller name?
BDocs_0544,BDocs,C1,Entity,food,-60,What is the fifth item for pie according to the diet plan?,What is the fifth item for Lunch according to the diet plan?
BDocs_0735,BDocs,C1,Entity,person_name,-60,What is the Program Start Date for M-F 11a-Noon Chris Mans?,What is the Program Start Date for M-F 11a-Noon Rachael Ray?
BDocs_0064,BDocs,C1,Entity,company_name,-61,What is the Sub Amount for Nielsen 10p Sun?,What is the Sub Amount for FOX Eastern Carolina News 10p Sun?
BDocs_0066,BDocs,C1,Entity,company_name,-61,What is the Sub Amount for Katz Television Group 10p Sun?,What is the Sub Amount for FOX Eastern Carolina News 10p Sun?
BDocs_0068,BDocs,C1,Entity,company_name,-61,What is the Sub Amount for AMER MEDIA ADVOCACY GROUP 10p Sun?,What is the Sub Amount for FOX Eastern Carolina News 10p Sun?
BDocs_0071,BDocs,C1,Entity,company_name,-61,What is the Sub Amount for Agency 10p Sun?,What is the Sub Amount for FOX Eastern Carolina News 10p Sun?
BDocs_0089,BDocs,C1,Entity,company_name,-61,What is the Sub Amount for Service 10p Sun?,What is the Sub Amount for FOX Eastern Carolina News 10p Sun?
BDocs_0114,BDocs,C1,Entity,postal_code_information,-61,What is the building permit number for 00011532?,what is building permit zip number?
BDocs_0184,BDocs,C1,Entity,company_name,-61,What is the role of Agency in marketing?,What is Advertiser?
BDocs_0223,BDocs,C1,Entity,company_name,-61,What is the role of television stations?,What is Advertiser?
BDocs_0317,BDocs,C1,Entity,food,-61,What is the fourth item for pie according to the diet plan?,What is the fourth item for Lunch according to the diet plan?
SlideVQA_0103,SlideVQA,C1,Entity,person_name,-62,How many Short Answer items are there for Task Name ted?,How many Short Answer items are there for Task Name WB Hickok?
SlideVQA_0154,SlideVQA,C1,Entity,person_name,-62,How many Short Answer items are there for Task Name students?,How many Short Answer items are there for Task Name WB Hickok?
SlideVQA_0271,SlideVQA,C1,Entity,percentage,-62,What is the 39% combined percentage of Maturing and Early?,What is the combined percentage of Maturing and Early?
SlideVQA_0356,SlideVQA,C1,Entity,percentage,-62,What is the 76% combined percentage of Maturing and Early?,What is the combined percentage of Maturing and Early?
SlideVQA_0391,SlideVQA,C1,Entity,time_information,-62,What is the combined percentage of early stages and Early?,What is the combined percentage of Maturing and Early?
SlideVQA_0444,SlideVQA,C1,Entity,percentage,-62,What is the 96% combined percentage of Maturing and Early?,What is the combined percentage of Maturing and Early?
SlideVQA_0531,SlideVQA,C1,Entity,company_name,-62,What was the sale of Aller gan Inc. in the year 2013?,What was the sale of Alcon in the year 2013?
SlideVQA_0621,SlideVQA,C1,Entity,event,-62,What was the closing price of Alcon in the year 2013?,What was the sale of Alcon in the year 2013?
BDocs_0269,BDocs,C1,Entity,food,-62,How much is the price of ticket per person(Breakfast only)?,how much is the price of ticket per person(dinner only)?
BDocs_0632,BDocs,C1,Entity,company_name,-62,What is the Channel for KXLF Sunday Morning?,What is the Channel for CBS Sunday Morning CBS Sunday Morning?
BDocs_0633,BDocs,C1,Entity,company_name,-62,What is the Channel for KXLF Sunday Morning?,What is the Channel for CBS Sunday Morning CBS Sunday Morning?
BDocs_0711,BDocs,C1,Entity,transport_means,-62,What is the highest temperature recorded?,What is Flight From?
SlideVQA_0255,SlideVQA,C1,Entity,product,-63,What percentage of platforms make less than $500 per month?,What percentage of games make less than $500 per month?
SlideVQA_0710,SlideVQA,C1,Entity,person_name,-63,What percentage of all information is created by David Armano?,What percentage of all information is created by individuals?
BDocs_0070,BDocs,C1,Entity,company_name,-63,What is the highest temperature recorded?,What is Advertiser?
BDocs_0276,BDocs,C1,Entity,event,-63,What are the dates scheduled for the given Annual Meeting?,what are the dates scheduled for the given meetings ?
BDocs_0538,BDocs,C1,Entity,percentage,-63,What is the highest % of sample composition in Drug Stores?,How much is the % of sample composition in Drug Stores?
SlideVQA_0392,SlideVQA,C1,Entity,measure_unit,-64,What is the 10mm height of the Space Needle in meters?,What is the Height of the Space Needle in m?
SlideVQA_0576,SlideVQA,C1,Entity,job_title_name,-64,Who are the stakeholders involved in this Orchestra?,Who is the Integrator of this Orchestra?
SlideVQA_0737,SlideVQA,C1,Entity,event,-64,Who executes all your unit test code during every Live Demos?,Who executes all your unit test code during every major release?
BDocs_0036,BDocs,C1,Entity,person_name,-64,What is the Program End Date for M-F 11a-Noon Bernie Sanders?,What is the Program End Date for M-F 11a-Noon Rachael Ray?
BDocs_0743,BDocs,C1,Entity,street,-64,What is the Address Street Line for Queens Road?,What is the Address Street Line?
SlideVQA_0500,SlideVQA,C1,Entity,percentage,-65,What is the 45% of strategic planning in the given pie chart?,What is the percent of strategic planning in the given pie chart?
SlideVQA_0553,SlideVQA,C1,Entity,percentage,-65,What is the 10% of strategic planning in the given pie chart?,What is the percent of strategic planning in the given pie chart?
SlideVQA_0583,SlideVQA,C1,Entity,event,-65,What five elements of greeting are shown on the whiteboard?,What five elements of SALES TRAINING are shown on the whiteboard?
SlideVQA_0584,SlideVQA,C1,Entity,company_name,-65,What is the version number of big established brands?,What is the version number of SITORSQUAT?
SlideVQA_0585,SlideVQA,C1,Entity,event,-65,What five elements of initiative are shown on the whiteboard?,What five elements of SALES TRAINING are shown on the whiteboard?
SlideVQA_0614,SlideVQA,C1,Entity,event,-65,What five elements of presentation are shown on the whiteboard?,What five elements of SALES TRAINING are shown on the whiteboard?
SlideVQA_0650,SlideVQA,C1,Entity,event,-65,What five elements of events are shown on the whiteboard?,What five elements of SALES TRAINING are shown on the whiteboard?
BDocs_0009,BDocs,C1,Entity,time_information,-65,What is the Program Start Date for Saturday CBS This Morning?,What is the Program Start Date for M-F 9-10am M-F 9-10am?
BDocs_0652,BDocs,C1,Entity,company_name,-65,What is the definition of an Agency Group?,What is Advertiser?
SlideVQA_0455,SlideVQA,C1,Entity,country,-66,Which country in the UK has the largest starting sample?,Which country has the largest starting sample?
SlideVQA_0702,SlideVQA,C1,Entity,book,-66,What’s the hashtag that’s associated with an ebook?,What’s the hashtag that’s associated with The Science of Webinars?
BDocs_0559,BDocs,C1,Entity,city,-66,What is the Address Post Town in Greater London?,What is the Address Post Town?
BDocs_0733,BDocs,C1,Entity,person_name,-66,What is the Program Start Date for M-F 11a-Noon Bernie Sanders?,What is the Program Start Date for M-F 11a-Noon Rachael Ray?
SlideVQA_0354,SlideVQA,C1,Entity,product,-67,What percentage of smartphones make less than $500 per month?,What percentage of games make less than $500 per month?
BDocs_0001,BDocs,C1,Entity,company_name,-67,What is the Sub Amount for Sa Agency Sa Agency?,What is the Sub Amount for Sa CBS This Morning Sa CBS This Morning?
BDocs_0017,BDocs,C1,Entity,company_name,-67,What is the Sub Amount for Sa Advertiser Sa Advertiser?,What is the Sub Amount for Sa CBS This Morning Sa CBS This Morning?
BDocs_0051,BDocs,C1,Entity,company_name,-67,What is the Sub Amount for Sa KXLF Sa KXLF?,What is the Sub Amount for Sa CBS This Morning Sa CBS This Morning?
BDocs_0060,BDocs,C1,Entity,measure_unit,-67,If % TOTAL STEMS was 2.08 then what is the LEAF parameter?,If % TOTAL STEMS was 2.08 then whats the LEAF WT?
BDocs_0229,BDocs,C1,Entity,company_name,-67,What is the significance of WEWS Channel 5?,What is Advertiser?
SlideVQA_0093,SlideVQA,C1,Entity,person_name,-68,How many Short Answer items are there for Task Name Elvis Wagner?,How many Short Answer items are there for Task Name WB Hickok?
SlideVQA_0274,SlideVQA,C1,Entity,time_information,-68,What is the combined percentage of Maturing and Mature stage?,What is the combined percentage of Maturing and Early?
SlideVQA_0404,SlideVQA,C1,Entity,company_name,-68,What is the average profit margin of upscale businesses?,What is the average profit margin of Aarong?
SlideVQA_0410,SlideVQA,C1,Entity,time_information,-68,What is the combined percentage of Maturing and early stages?,What is the combined percentage of Maturing and Early?
BDocs_0012,BDocs,C1,Entity,chemical_element,-68,How much carbohydrate is needed for the French Dressing recipe?,How much vinegar is needed for the French Dressing recipe?
BDocs_0470,BDocs,C1,Entity,person_name,-68,What is the Grant Balance Payable 12/31/87 by Herbert M. Simpson?,What is the Grant Balance Payable 12/31/87 by Dr. Herbert M.Simpson?
BDocs_0478,BDocs,C1,Entity,person_name,-68,What is the Grant Balance Payable 12/31/87 by recipients?,What is the Grant Balance Payable 12/31/87 by Dr. Herbert M.Simpson?
BDocs_0563,BDocs,C1,Entity,food,-68,What is the fifth item for ice cream according to the diet plan?,What is the fifth item for Lunch according to the diet plan?
SlideVQA_0245,SlideVQA,C1,Entity,currency,-69,How much more (in 100000) is the insurance cost than utilities cost?,How much more (in dollars) is the insurance cost than utilities cost?
SlideVQA_0267,SlideVQA,C1,Entity,price_numerical_value,-69,How much more (in dollars) is the value than the utilities cost?,How much more (in dollars) is the insurance cost than utilities cost?
SlideVQA_0344,SlideVQA,C1,Entity,price_numerical_value,-69,How much more (in dollars) is the price than the utilities cost?,How much more (in dollars) is the insurance cost than utilities cost?
SlideVQA_0355,SlideVQA,C1,Entity,price_numerical_value,-69,How much more (in dollars) is the sale price than the utilities cost?,How much more (in dollars) is the insurance cost than utilities cost?
SlideVQA_0739,SlideVQA,C1,Entity,person_name,-69,What percentage of all information is created by Mike Kuczkowski?,What percentage of all information is created by individuals?
BDocs_0107,BDocs,C1,Entity,postal_code_information,-69,What is the building permit number for 605-367-8251?,what is building permit zip number?
BDocs_0128,BDocs,C1,Entity,postal_code_information,-69,What is the building permit number for 605-367-8250?,what is building permit zip number?
BDocs_0243,BDocs,C1,Entity,company_name,-69,What is the definition of Agency Commission?,What is Advertiser?
BDocs_0251,BDocs,C1,Entity,company_name,-69,What is the definition of Agency Commission?,What is Advertiser?
BDocs_0295,BDocs,C1,Entity,chemical_element,-69,If the TOTAL material WT is 1.80 then whats the %OBJ material?,If the TOTAL STEM  WT is 1.80 then whats the %OBJ STEM?
BDocs_0298,BDocs,C1,Entity,chemical_element,-69,If the TOTAL material WT is 1.80 then whats the %OBJ material?,If the TOTAL STEM  WT is 1.80 then whats the %OBJ STEM?
BDocs_0325,BDocs,C1,Entity,food,-69,What is the fourth item for ice cream according to the diet plan?,What is the fourth item for Lunch according to the diet plan?
BDocs_0374,BDocs,C1,Entity,company_name,-69,What is the definition of Agency Commission?,What is Advertiser?
SlideVQA_0125,SlideVQA,C1,Entity,year_numerical_value,-70,In which period is the percentage of Urban higher: 1977-78 or 2007?,In which period is the percentage of Urban higher: 1977-78 or 1993-94?
SlideVQA_0238,SlideVQA,C1,Entity,year_numerical_value,-70,In which period is the percentage of Urban higher: 2007 or 1993-94?,In which period is the percentage of Urban higher: 1977-78 or 1993-94?
SlideVQA_0277,SlideVQA,C1,Entity,company_name,-70,What is the average profit margin of a social enterprise?,What is the average profit margin of Aarong?
BDocs_0554,BDocs,C1,Entity,company_name,-70,What is the Website of the tourism-related business?,What is the Website of the seller?
BDocs_0621,BDocs,C1,Entity,street,-70,What is the Address Street Line for Downing Street?,What is the Address Street Line?
SlideVQA_0390,SlideVQA,C1,Entity,time_information,-71,In what specific time frame were there 725149 abortions?,In what year were there 725149 abortions?
SlideVQA_0529,SlideVQA,C1,Entity,continent,-71,What percentage of North America's surface is covered by water?,What percentage of earth's surface is covered by water?
SlideVQA_0557,SlideVQA,C1,Entity,continent,-71,What percentage of South America's surface is covered by water?,What percentage of earth's surface is covered by water?
SlideVQA_0611,SlideVQA,C1,Entity,percentage,-71,What is the percentage of strategic planning in the given pie chart?,What is the percent of strategic planning in the given pie chart?
BDocs_0016,BDocs,C1,Entity,company_name,-71,What is the Sub Amount for Sa KXLF This Morning Sa KXLF This Morning?,What is the Sub Amount for Sa CBS This Morning Sa CBS This Morning?
BDocs_0043,BDocs,C1,Entity,company_name,-71,What is the Sub Amount for Sa National Wa HRWAS Sa National Wa HRWAS?,What is the Sub Amount for Sa CBS This Morning Sa CBS This Morning?
BDocs_0168,BDocs,C1,Entity,company_name,-71,What is the National Rifle Association (NRA)?,What is Advertiser?
BDocs_0445,BDocs,C1,Entity,company_name,-71,What is the Channel for the parent company's News at Noon?,What is the Channel for KCRA-TV News at Noon?
SlideVQA_0057,SlideVQA,C1,Entity,continent,-72,What was the real GDP growth rate of the Middle East as of 2012?,What was the real GDP growth rate of America as of 2012?
SlideVQA_0485,SlideVQA,C1,Entity,company_name,-72,What percentage of brands DON'T HAVE MOBILE-OPTIMIZED SITES?,What percentage OF GOOGLE ADVERTISERS DON'T HAVE MOBILE-OPTIMIZED SITES?
SlideVQA_0515,SlideVQA,C1,Entity,percentage,-72,What proportion of GOOGLE ADVERTISERS DON'T HAVE MOBILE-OPTIMIZED SITES?,What percentage OF GOOGLE ADVERTISERS DON'T HAVE MOBILE-OPTIMIZED SITES?
SlideVQA_0517,SlideVQA,C1,Entity,company_name,-72,What percentage of MODAP don't have mobile-optimized sites?,What percentage OF GOOGLE ADVERTISERS DON'T HAVE MOBILE-OPTIMIZED SITES?
SlideVQA_0609,SlideVQA,C1,Entity,event,-72,What was the transaction amount of Alcon in the year 2013?,What was the sale of Alcon in the year 2013?
SlideVQA_0699,SlideVQA,C1,Entity,company_name,-72,"When was the article entitled ""In the moment with LJ Hooker"" posted?","When was the article entitled ""In the moment with Buick"" posted?"
SlideVQA_0707,SlideVQA,C1,Entity,company_name,-72,How many more unique users did Facebook Messenger have than Facebook?,How many more unique users did Facebook Messenger have than Apple Music?
BDocs_0144,BDocs,C1,Entity,company_name,-72,What is the name of the seller Huseva Turistika?,What is the Seller name?
BDocs_0174,BDocs,C1,Entity,time_information,-72,What is the Channel for Break A CM America's Funniest Home Video?,What is the Channel for Sunday Prime A CM America's Funniest Home Video?
BDocs_0274,BDocs,C1,Entity,food,-72,What is the price of the ticket per person for Buffet Breakfast?,how much is the price of ticket per person(dinner only)?
SlideVQA_0510,SlideVQA,C1,Entity,chemical_element,-73,What percentage of earth's surface is covered by water droplets?,What percentage of earth's surface is covered by water?
SlideVQA_0571,SlideVQA,C1,Entity,chemical_element,-73,What percentage of earth's surface is covered by water droplets?,What percentage of earth's surface is covered by water?
SlideVQA_0646,SlideVQA,C1,Entity,event,-73,What five elements of a formal agreement are shown on the whiteboard?,What five elements of SALES TRAINING are shown on the whiteboard?
BDocs_0439,BDocs,C1,Entity,time_information,-73,What is the Channel for KCRA-TV News at the scheduled time?,What is the Channel for KCRA-TV News at Noon?
SlideVQA_0631,SlideVQA,C1,Entity,job_title_name,-74,What is the Form that shall be filed with the managing directors?,What is the Form that shall be filed with the Registrar?
BDocs_0421,BDocs,C1,Entity,year_number_information,-74,What is the amount of 180 grant commitments mentioned in the given page?,what is the amount of 1987 grant commitments mentioned in the given page ?
BDocs_0267,BDocs,C1,Entity,event,-75,What are the dates scheduled for the given informal conferences?,what are the dates scheduled for the given meetings ?
SlideVQA_0532,SlideVQA,C1,Entity,job_title_name,-76,What is the Form that shall be filed with the MANAGERIALPERSONNEL?,What is the Form that shall be filed with the Registrar?
BDocs_0203,BDocs,C1,Entity,event,-76,What is the meaning of Involuntary Termination?,What is the Party?
BDocs_0277,BDocs,C1,Entity,event,-76,When was the second trial of The Louden Machinery Company held?,When was The Louden Machinery Company established?
BDocs_0591,BDocs,C1,Entity,date_information,-76,What is the date mentioned in the given letter on 20 February?,what is the date mentioned in the given letter ?
SlideVQA_0381,SlideVQA,C1,Entity,company_name,-77,"Which is sold more in India, BMW or Daimler?","Which is sold more in India, BMW or AUDI?"
SlideVQA_0427,SlideVQA,C1,Entity,product,-77,What percentage of high-end devices make less than $500 per month?,What percentage of games make less than $500 per month?
BDocs_0067,BDocs,C1,Entity,measure_unit,-77,If % TOTAL STEMS was 2.08 then what is the LEAF average values?,If % TOTAL STEMS was 2.08 then whats the LEAF WT?
BDocs_0574,BDocs,C1,Entity,company_name,-77,What is the Program Start Date for M-F KXLF M-F KXLF?,What is the Program Start Date for M-F CBS This Morning M-F CBS This Morning?
BDocs_0577,BDocs,C1,Entity,company_name,-77,What is the Program Start Date for M-F Agency M-F Agency?,What is the Program Start Date for M-F CBS This Morning M-F CBS This Morning?
BDocs_0586,BDocs,C1,Entity,date_information,-77,What is the Program Start Date for M-F CBS This Morning on March 17th?,What is the Program Start Date for M-F CBS This Morning M-F CBS This Morning?
BDocs_0590,BDocs,C1,Entity,company_name,-77,What is the Program Start Date for M-F KXLF M-F KXLF?,What is the Program Start Date for M-F CBS This Morning M-F CBS This Morning?
BDocs_0592,BDocs,C1,Entity,time_information,-77,What is the Program Start Date for Saturday CBS This Morning?,What is the Program Start Date for M-F CBS This Morning M-F CBS This Morning?
BDocs_0601,BDocs,C1,Entity,company_name,-77,What is the Program Start Date for M-F Agency M-F Agency?,What is the Program Start Date for M-F CBS This Morning M-F CBS This Morning?
SlideVQA_0147,SlideVQA,C1,Entity,plant,-78,"Which is a greater percentage, tree or PAPER?","Which is a greater percentage, ORGANIC or PAPER?"
SlideVQA_0335,SlideVQA,C1,Entity,company_name,-79,"Which is sold more in India, Daimler or Audi?","Which is sold more in India, BMW or AUDI?"
SlideVQA_0351,SlideVQA,C1,Entity,country,-79,"Which is sold more in Sri Lanka, BMW or AUDI?","Which is sold more in India, BMW or AUDI?"
SlideVQA_0425,SlideVQA,C1,Entity,company_name,-79,"Which is sold more in India, BMW or KARLBENZ?","Which is sold more in India, BMW or AUDI?"
BDocs_0047,BDocs,C1,Entity,company_name,-79,What is the Sub Amount for Sa Agency This Morning Sa Agency This Morning?,What is the Sub Amount for Sa CBS This Morning Sa CBS This Morning?
BDocs_0222,BDocs,C1,Entity,company_name,-79,What is the definition of Political National PHI?,What is Advertiser?
BDocs_0485,BDocs,C1,Entity,person_name,-79,Who authored the book about General Antonin Scalia?,WHO IS THE BOOK AUTHOR?
SlideVQA_0216,SlideVQA,C1,Entity,time_information,-80,In which time period is the percentage of Urban higher: 1977-78 or 1993-94?,In which period is the percentage of Urban higher: 1977-78 or 1993-94?
SlideVQA_0545,SlideVQA,C1,Entity,company_name,-80,What percentage of SELLING THE MOBILE WEB don't have mobile-optimized sites?,What percentage OF GOOGLE ADVERTISERS DON'T HAVE MOBILE-OPTIMIZED SITES?
SlideVQA_0677,SlideVQA,C1,Entity,book,-80,What’s the hashtag that’s associated with The Science of Email Marketing?,What’s the hashtag that’s associated with The Science of Webinars?
BDocs_0216,BDocs,C1,Entity,event,-80,What is the meaning of Termination of Employment?,What is the Party?
SlideVQA_0019,SlideVQA,C1,Entity,company_name,-81,What is the combined percentage of Revenue % of Total for Cisco and Switching?,What is the combined percentage of Revenue % of Total for SP Video and Switching?
SlideVQA_0067,SlideVQA,C1,Entity,company_name,-81,What is the combined percentage of Revenue % of Total for com and Switching?,What is the combined percentage of Revenue % of Total for SP Video and Switching?
SlideVQA_0164,SlideVQA,C1,Entity,company_name,-81,What is the combined percentage of Revenue % of Total for SEC and Switching?,What is the combined percentage of Revenue % of Total for SP Video and Switching?
SlideVQA_0208,SlideVQA,C1,Entity,company_name,-81,What is the combined percentage of Revenue % of Total for multivit and Switching?,What is the combined percentage of Revenue % of Total for SP Video and Switching?
SlideVQA_0349,SlideVQA,C1,Entity,price_numerical_value,-81,How much more (in dollars) is the Advertised rates than the utilities cost?,How much more (in dollars) is the insurance cost than utilities cost?
BDocs_0509,BDocs,C1,Entity,company_name,-81,What is the Channel for the NBC Today Show's parent company?,What is the Channel for NBC Today Show?
SlideVQA_0119,SlideVQA,C1,Entity,percentage,-82,In which period is the percentage range of Urban higher: 1977-78 or 1993-94?,In which period is the percentage of Urban higher: 1977-78 or 1993-94?
SlideVQA_0128,SlideVQA,C1,Entity,percentage,-82,In which period is the percentage range of Urban higher: 1977-78 or 1993-94?,In which period is the percentage of Urban higher: 1977-78 or 1993-94?
SlideVQA_0142,SlideVQA,C1,Entity,percentage,-82,What was the percentage growth rate of America's real GDP as of 2012?,What was the real GDP growth rate of America as of 2012?
SlideVQA_0680,SlideVQA,C1,Entity,chemical_element,-82,"What has a longer Wavelength, X-rays or energy?","What has a longer Wavelength, X-rays or Radio waves?"
BDocs_0186,BDocs,C1,Entity,time_information,-82,What is the Channel for the billing cycle A CM America's Funniest Home Video?,What is the Channel for Sunday Prime A CM America's Funniest Home Video?
SlideVQA_0348,SlideVQA,C1,Entity,company_name,-84,What is the average profit margin of Foundation Growth Artisans?,What is the average profit margin of Aarong?
BDocs_0235,BDocs,C1,Entity,job_title_name,-84,What is the amount to be paid annually from this budget to the Budget Bureau?,What is the amount to be  paid annually from this budget to the Principal Assistant?
BDocs_0239,BDocs,C1,Entity,job_title_name,-84,What is the amount to be paid annually from this budget to the Co-investigator?,What is the amount to be  paid annually from this budget to the Principal Assistant?
SlideVQA_0100,SlideVQA,C1,Entity,company_name,-85,What is the combined percentage of Revenue % of Total for affiliates and Switching?,What is the combined percentage of Revenue % of Total for SP Video and Switching?
SlideVQA_0389,SlideVQA,C1,Entity,job_title_name,-85,Are more women or men employed as Strategic Accounts Directors?,Are more women or men social job seekers?
BDocs_0057,BDocs,C1,Entity,date_information,-85,What is the Program Start Date for M-F 9-10am M-F 9-10am on March 17th?,What is the Program Start Date for M-F 9-10am M-F 9-10am?
BDocs_0234,BDocs,C1,Entity,company_name,-85,What is the highest temperature recorded by CBS 460?,What is Advertiser?
BDocs_0281,BDocs,C1,Entity,chemical_element,-85,"If the TOTAL STEM WT is 1.80, what is the %OBJ STEM?",If the TOTAL STEM  WT is 1.80 then whats the %OBJ STEM?
BDocs_0284,BDocs,C1,Entity,percentage,-85,"If the TOTAL STEM WT is 1.80, what is the %OBJ STEM?",If the TOTAL STEM  WT is 1.80 then whats the %OBJ STEM?
BDocs_0285,BDocs,C1,Entity,chemical_element,-85,"If the TOTAL STEM WT is 1.80, what is the %OBJ STEM?",If the TOTAL STEM  WT is 1.80 then whats the %OBJ STEM?
BDocs_0309,BDocs,C1,Entity,percentage,-85,"If the TOTAL STEM WT is 1.80, what is the %OBJ STEM?",If the TOTAL STEM  WT is 1.80 then whats the %OBJ STEM?
BDocs_0319,BDocs,C1,Entity,percentage,-85,"If the TOTAL STEM WT is 1.80, what is the %OBJ STEM?",If the TOTAL STEM  WT is 1.80 then whats the %OBJ STEM?
BDocs_0370,BDocs,C1,Entity,company_name,-85,What is the definition of Strategic Media Placement?,What is Advertiser?
BDocs_0584,BDocs,C1,Entity,date_information,-85,What is the Program Start Date for M-F 1p-2p on February 24 2020?,What is the Program Start Date for M-F 1p-2p?
BDocs_0260,BDocs,C1,Entity,transport_means,-86,What is the price of the Longest Drive ticket per person (dinner only)?,how much is the price of ticket per person(dinner only)?
BDocs_0674,BDocs,C1,Entity,date_information,-86,What is the Program Start Date for M-F 12p-1p on February 24 2020?,What is the Program Start Date for M-F 12p-1p?
SlideVQA_0020,SlideVQA,C1,Entity,product,-87,Which of the Countries listed has the most Educational materials exports?,"Which of the Countries listed exports 901,550 tons of rice?"
BDocs_0081,BDocs,C1,Entity,measure_unit,-87,If % TOTAL STEMS was 2.08 then what is the LEAF standard deviations?,If % TOTAL STEMS was 2.08 then whats the LEAF WT?
BDocs_0401,BDocs,C1,Entity,date_information,-87,What is the Program Start Date for M-F 11a-12p on February 24 2020?,What is the Program Start Date for M-F 11a-12p?
BDocs_0432,BDocs,C1,Entity,time_information,-87,What is the Channel for KCRA-TV News on specific days of the week?,What is the Channel for KCRA-TV News at Noon?
SlideVQA_0652,SlideVQA,C1,Entity,company_name,-88,What percentage of Tiffany  Co.'s advertisers don't have mobile-optimized sites?,What percentage OF GOOGLE ADVERTISERS DON'T HAVE MOBILE-OPTIMIZED SITES?
SlideVQA_0017,SlideVQA,C1,Entity,food,-89,"Which of the Countries listed exports 901,550 tons of crop?","Which of the Countries listed exports 901,550 tons of rice?"
SlideVQA_0452,SlideVQA,C1,Entity,time_information,-89,"In what time periods were there 725,149 abortions?",In what year were there 725149 abortions?
SlideVQA_0678,SlideVQA,C1,Entity,event,-89,"What year was the fair that involved 10,000 Internet Users?","What year was the wave that involved 10,000 Internet Users?"
SlideVQA_0032,SlideVQA,C1,Entity,currency,-92,How many 100 B did the US Mobile Programmatic Ad spend go up by from 2015 to 2016?,How many billion dollars did the US Mobile Programmatic Ad spend go up by from 2015 to 2016?
SlideVQA_0357,SlideVQA,C1,Entity,measure_unit,-92,What percentage of UV radiation does latent heat reaching earth's atmosphere consist of?,What percentage of UV radiation does energy reaching earth's atmosphere consists of?
BDocs_0192,BDocs,C1,Entity,time_information,-92,What is the Channel for New Business Thru time A CM America's Funniest Home Video?,What is the Channel for Sunday Prime A CM America's Funniest Home Video?
SlideVQA_0151,SlideVQA,C1,Entity,food,-93,"Which of the Countries listed exports 901,550 tons of grains?","Which of the Countries listed exports 901,550 tons of rice?"
SlideVQA_0246,SlideVQA,C1,Entity,company_name,-93,"Which is sold more in India, BMW or BenzInsider.com?","Which is sold more in India, BMW or AUDI?"
SlideVQA_0361,SlideVQA,C1,Entity,animal,-93,"Which mouse has a higher percentage figure, leisure or social?","Which Cat. has a higher percentage figure, leisure or social?"
SlideVQA_0722,SlideVQA,C1,Entity,event,-93,"What year was the market that involved 10,000 Internet Users?","What year was the wave that involved 10,000 Internet Users?"
SlideVQA_0496,SlideVQA,C1,Entity,product,-94,What is the total of the consumption per capita for the 4 major product usage in 1998 (in kg)?,What is the total of the consumption per capita for the 4 major meat products in 1998 (in kg)?
SlideVQA_0608,SlideVQA,C1,Entity,percentage,-94,What is the proportion of Google advertisers who don't have mobile-optimized sites?,What percentage OF GOOGLE ADVERTISERS DON'T HAVE MOBILE-OPTIMIZED SITES?
BDocs_0741,BDocs,C1,Entity,time_information,-94,"What are the ""arrival departure dates"" for ""Remote Station"" ""ROTHMANS BASILDON""?","What is the ""START TIME"" for ""Remote Station"" ""ROTHMANS BASILDON""?"
SlideVQA_0329,SlideVQA,C1,Entity,company_name,-95,"Which is sold more in India, BenzInsider.com or AUDI?","Which is sold more in India, BMW or AUDI?"
SlideVQA_0371,SlideVQA,C1,Entity,year_numerical_value,-95,How much (in million dollars) did third quarter deferred revenue decrease by from FY16 to 2015?,How much (in million dollars) did third quarter deferred revenue decrease by from 2014 to 2015?
SlideVQA_0447,SlideVQA,C1,Entity,year_numerical_value,-95,How much (in million dollars) did third quarter deferred revenue decrease by from 2015 to 2016?,How much (in million dollars) did third quarter deferred revenue decrease by from 2014 to 2015?
BDocs_0056,BDocs,C1,Entity,company_name,-95,What is the Sub Amount for Sa Advertiser This Morning Sa Advertiser This Morning?,What is the Sub Amount for Sa CBS This Morning Sa CBS This Morning?
SlideVQA_0157,SlideVQA,C1,Entity,animal,-96,Who discovered that Bone orient themselves with help of sound whistles while flying in darkness?,Who discovered that bats orient themselves with help of sound whistles while flying in darkness?
SlideVQA_0206,SlideVQA,C1,Entity,animal,-96,Who discovered that Iris orient themselves with help of sound whistles while flying in darkness?,Who discovered that bats orient themselves with help of sound whistles while flying in darkness?
SlideVQA_0214,SlideVQA,C1,Entity,transport_means,-96,Who discovered that bats orient themselves with the use of sound waves while flying in darkness?,Who discovered that bats orient themselves with help of sound whistles while flying in darkness?
SlideVQA_0297,SlideVQA,C1,Entity,time_information,-97,How much (in million dollars) did real-time data deferred revenue decrease by from 2014 to 2015?,How much (in million dollars) did third quarter deferred revenue decrease by from 2014 to 2015?
SlideVQA_0330,SlideVQA,C1,Entity,time_information,-97,How much (in million dollars) did future periods deferred revenue decrease by from 2014 to 2015?,How much (in million dollars) did third quarter deferred revenue decrease by from 2014 to 2015?
SlideVQA_0451,SlideVQA,C1,Entity,time_information,-97,How much (in million dollars) did future results deferred revenue decrease by from 2014 to 2015?,How much (in million dollars) did third quarter deferred revenue decrease by from 2014 to 2015?
SlideVQA_0469,SlideVQA,C1,Entity,animal,-97,"Which chicken has a higher percentage figure, leisure or social?","Which Cat. has a higher percentage figure, leisure or social?"
BDocs_0018,BDocs,C1,Entity,date_information,-97,What is the Program Start Date for M-F 9-10am M-F 9-10am on February 24 2020?,What is the Program Start Date for M-F 9-10am M-F 9-10am?
SlideVQA_0095,SlideVQA,C1,Entity,currency,-98,How many billion dollars did the US Mobile Programmatic Ad spend increase by from 2015 to 2016?,How many billion dollars did the US Mobile Programmatic Ad spend go up by from 2015 to 2016?
SlideVQA_0374,SlideVQA,C1,Entity,currency,-99,How much more (in Gross Scheduled Income) is the insurance cost than utilities cost?,How much more (in dollars) is the insurance cost than utilities cost?
SlideVQA_0726,SlideVQA,C1,Entity,transport_means,-99,"In 2002, was there a higher number of cars or Mobile subs?","In 2002, was there a higher number of Fixed-line subs or Mobile subs?"
SlideVQA_0738,SlideVQA,C1,Entity,transport_means,-99,"In 2002, was there a higher number of Fixed-line subs or cars?","In 2002, was there a higher number of Fixed-line subs or Mobile subs?"
SlideVQA_0202,SlideVQA,C1,Entity,currency,-100,How many 2.7 billion dollars did the US Mobile Programmatic Ad spend go up by from 2015 to 2016?,How many billion dollars did the US Mobile Programmatic Ad spend go up by from 2015 to 2016?
SlideVQA_0137,SlideVQA,C1,Entity,transport_means,-102,Who discovered that bats orient themselves with the aid of sound whistles while flying in darkness?,Who discovered that bats orient themselves with help of sound whistles while flying in darkness?
SlideVQA_0201,SlideVQA,C1,Entity,transport_means,-102,Who discovered that bats orient themselves with the aid of sound whistles while flying in darkness?,Who discovered that bats orient themselves with help of sound whistles while flying in darkness?
SlideVQA_0518,SlideVQA,C1,Entity,product,-102,What is the total of the consumption per capita for the 4 major specific products in 1998 (in kg)?,What is the total of the consumption per capita for the 4 major meat products in 1998 (in kg)?
SlideVQA_0027,SlideVQA,C1,Entity,food,-103,"Which of the Countries listed exports 901,550 tons of staple food?","Which of the Countries listed exports 901,550 tons of rice?"
SlideVQA_0088,SlideVQA,C1,Entity,food,-103,"Which of the Countries listed exports 901,550 tons of rice grains?","Which of the Countries listed exports 901,550 tons of rice?"
SlideVQA_0514,SlideVQA,C1,Entity,time_information,-103,What percentage did exports add to euro-area GDP growth on a monthly basis in the first quarter?,What percentage did exports add to euro-area GDP growth on a year-over-year basis in the first quarter?
SlideVQA_0604,SlideVQA,C1,Entity,job_title_name,-103,"Regarding the European Union, who is the Commissioner for Agriculture?","Regarding the European Union, who is the Commissioner for Digital Agenda?"
SlideVQA_0645,SlideVQA,C1,Entity,continent,-103,What percentage did exports add to Atlantic GDP growth on a year-over-year basis in the first quarter?,What percentage did exports add to euro-area GDP growth on a year-over-year basis in the first quarter?
BDocs_0297,BDocs,C1,Entity,chemical_element,-103,If the TOTAL moisture content  WT is 1.80 then whats the %OBJ moisture content?,If the TOTAL STEM  WT is 1.80 then whats the %OBJ STEM?
BDocs_0310,BDocs,C1,Entity,chemical_element,-103,If the TOTAL moisture content  WT is 1.80 then whats the %OBJ moisture content?,If the TOTAL STEM  WT is 1.80 then whats the %OBJ STEM?
SlideVQA_0198,SlideVQA,C1,Entity,year_numerical_value,-106,"In percentage terms, how much was the average deficit between 1966 and 2009?","In percentage terms, how much was the average deficit between 1966 and 2015?"
SlideVQA_0200,SlideVQA,C1,Entity,year_numerical_value,-106,"In percentage terms, how much was the average deficit between 2016 and 2015?","In percentage terms, how much was the average deficit between 1966 and 2015?"
SlideVQA_0228,SlideVQA,C1,Entity,year_numerical_value,-106,"In percentage terms, how much was the average deficit between 2009 and 2015?","In percentage terms, how much was the average deficit between 1966 and 2015?"
SlideVQA_0380,SlideVQA,C1,Entity,measure_unit,-106,What percentage of UV radiation does electrical current reaching earth's atmosphere consist of?,What percentage of UV radiation does energy reaching earth's atmosphere consists of?
SlideVQA_0225,SlideVQA,C1,Entity,product,-107,"Which of the Countries listed exports 901,550 tons of rice products?","Which of the Countries listed exports 901,550 tons of rice?"
BDocs_0582,BDocs,C1,Entity,date_information,-107,"What is the Program Start Date for M-F CBS This Morning on February 24, 2020?",What is the Program Start Date for M-F CBS This Morning M-F CBS This Morning?
BDocs_0529,BDocs,C1,Entity,person_name,-108,"In which department, Malthus, M.D. works?","In which deparment, Robert E. Shank, M.D. works?"
BDocs_0534,BDocs,C1,Entity,person_name,-108,"In which department, infants, M.D. works?","In which deparment, Robert E. Shank, M.D. works?"
SlideVQA_0714,SlideVQA,C1,Entity,product,-109,What is the difference of working power supply (in voltages) between CINT-SP-SCN and Detector Scanners?,What is the difference of working power supply (in voltages) between CINT-SP-SCN and CINT-ED-30H?
SlideVQA_0478,SlideVQA,C1,Entity,company_name,-110,What was the sale of Vale ant Pharmaceuticals International in the year 2013?,What was the sale of Alcon in the year 2013?
SlideVQA_0060,SlideVQA,C1,Entity,percentage,-111,"Expressed in 58, which domain has the lowest GPU power consumption?","Expressed in percentage terms, which domain has the lowest GPU power consumption?"
SlideVQA_0106,SlideVQA,C1,Entity,measure_unit,-111,"Which of the Countries listed exports 901,550 tons of rice per capita?","Which of the Countries listed exports 901,550 tons of rice?"
SlideVQA_0210,SlideVQA,C1,Entity,percentage,-111,"Expressed in 21, which domain has the lowest GPU power consumption?","Expressed in percentage terms, which domain has the lowest GPU power consumption?"
SlideVQA_0224,SlideVQA,C1,Entity,percentage,-111,"Expressed in 50, which domain has the lowest GPU power consumption?","Expressed in percentage terms, which domain has the lowest GPU power consumption?"
SlideVQA_0229,SlideVQA,C1,Entity,percentage,-111,"Expressed in 71, which domain has the lowest GPU power consumption?","Expressed in percentage terms, which domain has the lowest GPU power consumption?"
BDocs_0232,BDocs,C1,Entity,time_information,-112,What is the amount to be paid in the additional years from this budget to the Principal Assistant?,What is the amount to be  paid annually from this budget to the Principal Assistant?
BDocs_0248,BDocs,C1,Entity,time_information,-112,What is the amount to be paid for Future Requirements from this budget to the Principal Assistant?,What is the amount to be  paid annually from this budget to the Principal Assistant?
SlideVQA_0047,SlideVQA,C1,Entity,product,-113,"Which of the Countries listed exports 901,550 tons of Bsmati Fine Rice?","Which of the Countries listed exports 901,550 tons of rice?"
SlideVQA_0623,SlideVQA,C1,Entity,continent,-113,What percentage did exports add to global economy GDP growth on a year-over-year basis in the first quarter?,What percentage did exports add to euro-area GDP growth on a year-over-year basis in the first quarter?
SlideVQA_0078,SlideVQA,C1,Entity,food,-115,"Which of the Countries listed exports 901,550 tons of white rice grains?","Which of the Countries listed exports 901,550 tons of rice?"
SlideVQA_0118,SlideVQA,C1,Entity,chemical_element,-116,Does parasympathetic stimulation increase or decrease the metric that is a key factor for providing F to organs?,Does parasympathetic stimulation increase or decrease the metric that is a key factor for providing blood to organs?
SlideVQA_0463,SlideVQA,C1,Entity,measure_unit,-116,What percentage of UV radiation does the electromotive force reaching earth's atmosphere consist of?,What percentage of UV radiation does energy reaching earth's atmosphere consists of?
BDocs_0539,BDocs,C1,Entity,person_name,-116,"In which department does Thomas Malthus, M.D., work?","In which deparment, Robert E. Shank, M.D. works?"
SlideVQA_0384,SlideVQA,C1,Entity,percentage,-118,What Service Type accounts for most of the metric whose level 3 revenue metric by currency was 15 USD in 3Q15?,What Service Type accounts for most of the metric whose level 3 revenue metric by currency was 89 percent USD in 3Q15?
SlideVQA_0460,SlideVQA,C1,Entity,percentage,-118,What Service Type accounts for most of the metric whose level 3 revenue metric by currency was 17 USD in 3Q15?,What Service Type accounts for most of the metric whose level 3 revenue metric by currency was 89 percent USD in 3Q15?
SlideVQA_0475,SlideVQA,C1,Entity,company_name,-118,What was the sale of Valeant Pharmaceuticals International Inc. in the year 2013?,What was the sale of Alcon in the year 2013?
SlideVQA_0492,SlideVQA,C1,Entity,food,-119,What is the combined total market size of rice and organic dairy products projected in 2017 (in US$ million)?,What is the combined total market size of organic fruits and organic dairy products projected in 2017 (in US$ million)?
SlideVQA_0607,SlideVQA,C1,Entity,product,-119,What is the combined total market size of organic fruits and Organic Pulses projected in 2017 (in US$ million)?,What is the combined total market size of organic fruits and organic dairy products projected in 2017 (in US$ million)?
SlideVQA_0624,SlideVQA,C1,Entity,food,-119,What is the combined total market size of wheat and organic dairy products projected in 2017 (in US$ million)?,What is the combined total market size of organic fruits and organic dairy products projected in 2017 (in US$ million)?
SlideVQA_0367,SlideVQA,C1,Entity,transport_means,-120,Were there fewer Cellular devices in Dec 2013 or Jun of the year that First-tier cities had 10 percent Annual growth?,Were there fewer Active Game Devices in Dec 2013 or Jun of the year that First-tier cities had 10 percent Annual growth?
SlideVQA_0401,SlideVQA,C1,Entity,transport_means,-120,Were there fewer game devices in Dec 2013 or Jun of the year that First-tier cities had 10 percent Annual growth?,Were there fewer Active Game Devices in Dec 2013 or Jun of the year that First-tier cities had 10 percent Annual growth?
SlideVQA_0403,SlideVQA,C1,Entity,percentage,-120,Were there fewer Active Game Devices in Dec 2013 or Jun of the year that First-tier cities had proportion Annual growth?,Were there fewer Active Game Devices in Dec 2013 or Jun of the year that First-tier cities had 10 percent Annual growth?
SlideVQA_0415,SlideVQA,C1,Entity,transport_means,-120,Were there fewer WiFi devices in Dec 2013 or Jun of the year that First-tier cities had 10 percent Annual growth?,Were there fewer Active Game Devices in Dec 2013 or Jun of the year that First-tier cities had 10 percent Annual growth?
SlideVQA_0438,SlideVQA,C1,Entity,transport_means,-120,Were there fewer mobile devices in Dec 2013 or Jun of the year that First-tier cities had 10 percent Annual growth?,Were there fewer Active Game Devices in Dec 2013 or Jun of the year that First-tier cities had 10 percent Annual growth?
SlideVQA_0581,SlideVQA,C1,Entity,measure_unit,-120,What is the difference in total interest paid between Month 1 and Month 2?,"On the slide titled Money Working Against You, what is the difference in Effective Monthly Rate for Month 1 and Month 2?"
SlideVQA_0639,SlideVQA,C1,Entity,food,-121,What is the combined total market size of Organic Cereals and organic dairy products projected in 2017 (in US$ million)?,What is the combined total market size of organic fruits and organic dairy products projected in 2017 (in US$ million)?
SlideVQA_0263,SlideVQA,C1,Entity,currency,-122,What Service Type accounts for most of the metric whose level 3 revenue metric by 18 million was 89 percent USD in 3Q15?,What Service Type accounts for most of the metric whose level 3 revenue metric by currency was 89 percent USD in 3Q15?
SlideVQA_0302,SlideVQA,C1,Entity,measure_unit,-122,What Service Type accounts for most of the metrics whose level 3 revenue metrics by currency was 89 percent USD in 3Q15?,What Service Type accounts for most of the metric whose level 3 revenue metric by currency was 89 percent USD in 3Q15?
SlideVQA_0378,SlideVQA,C1,Entity,measure_unit,-122,What Service Type accounts for most of the metrics whose level 3 revenue metrics by currency was 89 percent USD in 3Q15?,What Service Type accounts for most of the metric whose level 3 revenue metric by currency was 89 percent USD in 3Q15?
SlideVQA_0360,SlideVQA,C1,Entity,time_information,-123,How much (in million dollars) did forward-looking information deferred revenue decrease by from 2014 to 2015?,How much (in million dollars) did third quarter deferred revenue decrease by from 2014 to 2015?
BDocs_0039,BDocs,C1,Entity,company_name,-123,What is the Sub Amount for Sa National Wa HRWAS This Morning Sa National Wa HRWAS This Morning?,What is the Sub Amount for Sa CBS This Morning Sa CBS This Morning?
BDocs_0055,BDocs,C1,Entity,company_name,-123,What is the Sub Amount for Sa Medium Buying LLC This Morning Sa Medium Buying LLC This Morning?,What is the Sub Amount for Sa CBS This Morning Sa CBS This Morning?
BDocs_0283,BDocs,C1,Entity,chemical_element,-123,"If the TOTAL Dealer Nicotine WT is 1.80, what is the %OBJ Dealer Nicotine?",If the TOTAL STEM  WT is 1.80 then whats the %OBJ STEM?
BDocs_0312,BDocs,C1,Entity,chemical_element,-123,"If the TOTAL Dealer Nicotine WT is 1.80, what is the %OBJ Dealer Nicotine?",If the TOTAL STEM  WT is 1.80 then whats the %OBJ STEM?
SlideVQA_0316,SlideVQA,C1,Entity,currency,-124,What Service Type accounts for most of the metric whose level 3 revenue metric by 657 million USD was 89 percent in 3Q15?,What Service Type accounts for most of the metric whose level 3 revenue metric by currency was 89 percent USD in 3Q15?
SlideVQA_0441,SlideVQA,C1,Entity,currency,-124,What Service Type accounts for most of the metric whose level 3 revenue metric by 247 million was 89 percent USD in 3Q15?,What Service Type accounts for most of the metric whose level 3 revenue metric by currency was 89 percent USD in 3Q15?
BDocs_0237,BDocs,C1,Entity,time_information,-124,What is the amount to be paid annually from this budget to the Principal Assistant based on Projections?,What is the amount to be  paid annually from this budget to the Principal Assistant?
SlideVQA_0466,SlideVQA,C1,Entity,country,-125,What is the UKTransportationPPP-LondonTube PPP Category that has the lowest number of # Projects?,What is the UK PPP Category that has the lowest number of # Projects?
SlideVQA_0490,SlideVQA,C1,Entity,currency,-125,What is the combined total market size of organic fruits and organic dairy products projected in 2017 (in US$ 26 billion)?,What is the combined total market size of organic fruits and organic dairy products projected in 2017 (in US$ million)?
SlideVQA_0673,SlideVQA,C1,Entity,product,-125,What is the difference of working power supply (in voltages) between Door Frame Metal Detector and CINT-ED-30H?,What is the difference of working power supply (in voltages) between CINT-SP-SCN and CINT-ED-30H?
SlideVQA_0723,SlideVQA,C1,Entity,product,-125,What is the difference of working power supply (in voltages) between CINT-SP-SCN and Door Frame Metal Detector?,What is the difference of working power supply (in voltages) between CINT-SP-SCN and CINT-ED-30H?
SlideVQA_0002,SlideVQA,C1,Entity,country,-127,"Which of the countries in the Middle East listed exports 901,550 tons of rice?","Which of the Countries listed exports 901,550 tons of rice?"
SlideVQA_0368,SlideVQA,C1,Entity,percentage,-128,What Service Type accounts for most of the metric whose level 3 revenue metric by currency was As Reported YoY USD in 3Q15?,What Service Type accounts for most of the metric whose level 3 revenue metric by currency was 89 percent USD in 3Q15?
SlideVQA_0243,SlideVQA,C1,Entity,time_information,-130,What Service Type accounts for most of the metric whose level 3 revenue metric by currency was 89 percent USD in the period?,What Service Type accounts for most of the metric whose level 3 revenue metric by currency was 89 percent USD in 3Q15?
SlideVQA_0379,SlideVQA,C1,Entity,time_information,-130,What Service Type accounts for most of the metric whose level 3 revenue metric by currency was 89 percent USD in the future?,What Service Type accounts for most of the metric whose level 3 revenue metric by currency was 89 percent USD in 3Q15?
SlideVQA_0400,SlideVQA,C1,Entity,time_information,-130,"Which has a faster initial phase for 5 Iterations, Integration with Standard data formats or Spark?","Which has a faster Running Time for 5 Iterations, Integration with Standard data formats or Spark?"
SlideVQA_0482,SlideVQA,C1,Entity,measure_unit,-130,What is the difference in percentage of net neutrality news regarding thickness by source type between Mainstream and Tech news?,What is the difference in percentage of net neutrality news regarding news volume by source type between Mainstream and Tech news?
SlideVQA_0534,SlideVQA,C1,Entity,percentage,-130,What is the difference in 39% of net neutrality news regarding news volume by source type between Mainstream and Tech news?,What is the difference in percentage of net neutrality news regarding news volume by source type between Mainstream and Tech news?
SlideVQA_0592,SlideVQA,C1,Entity,measure_unit,-130,What is the difference in percentage of net neutrality news regarding range by source type between Mainstream and Tech news?,What is the difference in percentage of net neutrality news regarding news volume by source type between Mainstream and Tech news?
SlideVQA_0629,SlideVQA,C1,Entity,measure_unit,-130,What is the difference in percentage of net neutrality news regarding metric by source type between Mainstream and Tech news?,What is the difference in percentage of net neutrality news regarding news volume by source type between Mainstream and Tech news?
SlideVQA_0620,SlideVQA,C1,Entity,time_information,-131,"Regarding the frequency of social network visits on smartphones, what percent is shown for Quarter?","Regarding the frequency of social network visits on smartphones, what percent is shown for daily?"
SlideVQA_0666,SlideVQA,C1,Entity,chemical_element,-131,What is connected to the stone that bubbles the water droplet and supplies oxygen to the roots of the plants in the DWC Method?,What is connected to the stone that bubbles the nutrient solution and supplies oxygen to the roots of the plants in the DWC Method?
SlideVQA_0697,SlideVQA,C1,Entity,plant,-131,What is connected to the stone that bubbles the nutrient solution and supplies oxygen to the roots of the Crop in the DWC Method?,What is connected to the stone that bubbles the nutrient solution and supplies oxygen to the roots of the plants in the DWC Method?
SlideVQA_0005,SlideVQA,C1,Entity,animal,-132,"Regarding the share of meat consumption growth, is a greater percentage of the pie chart pork or cow?","Regarding the share of meat consumption growth, is a greater percentage of the pie chart pork or beef?"
SlideVQA_0070,SlideVQA,C1,Entity,animal,-132,"Regarding the share of meat consumption growth, is a greater percentage of the pie chart cow or beef?","Regarding the share of meat consumption growth, is a greater percentage of the pie chart pork or beef?"
SlideVQA_0281,SlideVQA,C1,Entity,currency,-132,What Service Type accounts for most of the metric whose level 3 revenue metric by currency was 89 percent 18 million in 3Q15?,What Service Type accounts for most of the metric whose level 3 revenue metric by currency was 89 percent USD in 3Q15?
SlideVQA_0668,SlideVQA,C1,Entity,chemical_element,-133,What is connected to the stone that bubbles the nutrient solution and supplies droplet to the roots of the plants in the DWC Method?,What is connected to the stone that bubbles the nutrient solution and supplies oxygen to the roots of the plants in the DWC Method?
SlideVQA_0248,SlideVQA,C1,Entity,currency,-134,What Service Type accounts for most of the metric whose level 3 revenue metric by foreign currency was 89 percent USD in 3Q15?,What Service Type accounts for most of the metric whose level 3 revenue metric by currency was 89 percent USD in 3Q15?
SlideVQA_0295,SlideVQA,C1,Entity,currency,-134,What Service Type accounts for most of the metric whose level 3 revenue metric by currency was 89 percent 247 million in 3Q15?,What Service Type accounts for most of the metric whose level 3 revenue metric by currency was 89 percent USD in 3Q15?
SlideVQA_0341,SlideVQA,C1,Entity,time_information,-134,"Which has a faster First Iteration for 5 Iterations, Integration with Standard data formats or Spark?","Which has a faster Running Time for 5 Iterations, Integration with Standard data formats or Spark?"
SlideVQA_0464,SlideVQA,C1,Entity,currency,-134,What Service Type accounts for most of the metric whose level 3 revenue metric by currency was 89 percent 657 million in 3Q15?,What Service Type accounts for most of the metric whose level 3 revenue metric by currency was 89 percent USD in 3Q15?
SlideVQA_0625,SlideVQA,C1,Entity,measure_unit,-134,What is the difference in percentage of net neutrality news regarding income levels by source type between Mainstream and Tech news?,What is the difference in percentage of net neutrality news regarding news volume by source type between Mainstream and Tech news?
SlideVQA_0658,SlideVQA,C1,Entity,company_name,-135,What is the difference in percentage of Average Return in 2010 between Private Equity-Backed Companies and Publicly Traded Companies?,What is the difference in percentage of Average Return in 2010 between Private Equity-Backed Companies and Publicly Traded Competitors?
SlideVQA_0659,SlideVQA,C1,Entity,percentage,-135,What is the difference in percentage of 29 in 2010 between Private Equity-Backed Companies and Publicly Traded Competitors?,What is the difference in percentage of Average Return in 2010 between Private Equity-Backed Companies and Publicly Traded Competitors?
SlideVQA_0671,SlideVQA,C1,Entity,year_numerical_value,-135,What is the difference in percentage of Average Return in 2009 between Private Equity-Backed Companies and Publicly Traded Competitors?,What is the difference in percentage of Average Return in 2010 between Private Equity-Backed Companies and Publicly Traded Competitors?
SlideVQA_0684,SlideVQA,C1,Entity,company_name,-135,What is the difference in percentage of Average Return in 2010 between Private Equity-Backed Companies and Private Equity Companies?,What is the difference in percentage of Average Return in 2010 between Private Equity-Backed Companies and Publicly Traded Competitors?
SlideVQA_0690,SlideVQA,C1,Entity,percentage,-135,What is the difference in percentage of investment in 2010 between Private Equity-Backed Companies and Publicly Traded Competitors?,What is the difference in percentage of Average Return in 2010 between Private Equity-Backed Companies and Publicly Traded Competitors?
SlideVQA_0701,SlideVQA,C1,Entity,percentage,-135,What is the difference in percentage of 9 in 2010 between Private Equity-Backed Companies and Publicly Traded Competitors?,What is the difference in percentage of Average Return in 2010 between Private Equity-Backed Companies and Publicly Traded Competitors?
SlideVQA_0729,SlideVQA,C1,Entity,company_name,-135,What is the difference in percentage of Average Return in 2010 between Private Equity-Backed Companies and other companies?,What is the difference in percentage of Average Return in 2010 between Private Equity-Backed Companies and Publicly Traded Competitors?
SlideVQA_0746,SlideVQA,C1,Entity,percentage,-135,What is the difference in percentage of 13 in 2010 between Private Equity-Backed Companies and Publicly Traded Competitors?,What is the difference in percentage of Average Return in 2010 between Private Equity-Backed Companies and Publicly Traded Competitors?
SlideVQA_0011,SlideVQA,C1,Entity,animal,-136,"Regarding the share of meat consumption growth, is a greater percentage of the pie chart pork or animal?","Regarding the share of meat consumption growth, is a greater percentage of the pie chart pork or beef?"
SlideVQA_0035,SlideVQA,C1,Entity,company_name,-136,What is the difference in the user and Tesla values given for the concept with a desirability score of 10 on the User Decision Matrix?,What is the difference in the user and company values given for the concept with a desirability score of 10 on the User Decision Matrix?
SlideVQA_0084,SlideVQA,C1,Entity,animal,-136,"Regarding the share of meat consumption growth, is a greater percentage of the pie chart pork or cattle?","Regarding the share of meat consumption growth, is a greater percentage of the pie chart pork or beef?"
SlideVQA_0110,SlideVQA,C1,Entity,animal,-136,"Regarding the share of meat consumption growth, is a greater percentage of the pie chart cattle or beef?","Regarding the share of meat consumption growth, is a greater percentage of the pie chart pork or beef?"
SlideVQA_0116,SlideVQA,C1,Entity,person_name,-136,What is the difference in the OTTO and company values given for the concept with a desirability score of 10 on the User Decision Matrix?,What is the difference in the user and company values given for the concept with a desirability score of 10 on the User Decision Matrix?
SlideVQA_0158,SlideVQA,C1,Entity,company_name,-136,What is the difference in the user and brand values given for the concept with a desirability score of 10 on the User Decision Matrix?,What is the difference in the user and company values given for the concept with a desirability score of 10 on the User Decision Matrix?
SlideVQA_0170,SlideVQA,C1,Entity,person_name,-136,What is the difference in the user and company values given for the concept with a desirability score of 10 on the OTTO Decision Matrix?,What is the difference in the user and company values given for the concept with a desirability score of 10 on the User Decision Matrix?
SlideVQA_0181,SlideVQA,C1,Entity,food,-136,"Regarding the share of tomato consumption growth, is a greater percentage of the pie chart pork or beef?","Regarding the share of meat consumption growth, is a greater percentage of the pie chart pork or beef?"
SlideVQA_0184,SlideVQA,C1,Entity,animal,-136,"Regarding the share of meat consumption growth, is a greater percentage of the pie chart pork or animal?","Regarding the share of meat consumption growth, is a greater percentage of the pie chart pork or beef?"
SlideVQA_0300,SlideVQA,C1,Entity,time_information,-136,What Service Type accounts for most of the metric whose level 3 revenue metric by currency was 89 percent USD in prior periods?,What Service Type accounts for most of the metric whose level 3 revenue metric by currency was 89 percent USD in 3Q15?
SlideVQA_0362,SlideVQA,C1,Entity,time_information,-136,What Service Type accounts for most of the metric whose level 3 revenue metric by currency was 89 percent USD in future events?,What Service Type accounts for most of the metric whose level 3 revenue metric by currency was 89 percent USD in 3Q15?
SlideVQA_0423,SlideVQA,C1,Entity,currency,-136,What Service Type accounts for most of the metric whose level 3 revenue metric by constant currency was 89 percent USD in 3Q15?,What Service Type accounts for most of the metric whose level 3 revenue metric by currency was 89 percent USD in 3Q15?
SlideVQA_0042,SlideVQA,C1,Entity,job_title_name,-138,"Regarding the STEM talent in the country with 1.6m tech professionals, what is the total talent pool?","Regarding the STEM professionals in the country with 1.6m tech professionals, what is the total talent pool?"
SlideVQA_0058,SlideVQA,C1,Entity,food,-138,"Regarding the share of lettuce consumption growth, is a greater percentage of the pie chart pork or beef?","Regarding the share of meat consumption growth, is a greater percentage of the pie chart pork or beef?"
SlideVQA_0167,SlideVQA,C1,Entity,job_title_name,-138,"Regarding the STEM professionals in the country with 1.6m STEM employment, what is the total talent pool?","Regarding the STEM professionals in the country with 1.6m tech professionals, what is the total talent pool?"
SlideVQA_0199,SlideVQA,C1,Entity,job_title_name,-138,"Regarding the STEM employment in the country with 1.6m tech professionals, what is the total talent pool?","Regarding the STEM professionals in the country with 1.6m tech professionals, what is the total talent pool?"
SlideVQA_0262,SlideVQA,C1,Entity,time_information,-138,"Which has a faster last five minutes for 5 Iterations, Integration with Standard data formats or Spark?","Which has a faster Running Time for 5 Iterations, Integration with Standard data formats or Spark?"
SlideVQA_0582,SlideVQA,C1,Entity,measure_unit,-138,What is the difference in percentage of net neutrality news regarding population size by source type between Mainstream and Tech news?,What is the difference in percentage of net neutrality news regarding news volume by source type between Mainstream and Tech news?
SlideVQA_0660,SlideVQA,C1,Entity,chemical_element,-139,What is connected to the stone that bubbles the nutrient solution and supplies fertiliser to the roots of the plants in the DWC Method?,What is connected to the stone that bubbles the nutrient solution and supplies oxygen to the roots of the plants in the DWC Method?
SlideVQA_0144,SlideVQA,C1,Entity,measure_unit,-140,Does parasympathetic stimulation increase or decrease the diastolic pressure that is a key factor for providing blood to organs?,Does parasympathetic stimulation increase or decrease the metric that is a key factor for providing blood to organs?
SlideVQA_0182,SlideVQA,C1,Entity,person_name,-140,What is the difference in the PEOPLE and company values given for the concept with a desirability score of 10 on the User Decision Matrix?,What is the difference in the user and company values given for the concept with a desirability score of 10 on the User Decision Matrix?
SlideVQA_0186,SlideVQA,C1,Entity,percentage,-140,"Regarding the 70% share of meat consumption growth, is a greater percentage of the pie chart pork or beef?","Regarding the share of meat consumption growth, is a greater percentage of the pie chart pork or beef?"
SlideVQA_0227,SlideVQA,C1,Entity,food,-140,"Regarding the share of sandwich consumption growth, is a greater percentage of the pie chart pork or beef?","Regarding the share of meat consumption growth, is a greater percentage of the pie chart pork or beef?"
SlideVQA_0242,SlideVQA,C1,Entity,person_name,-140,What is the difference in the user and company values given for the concept with a desirability score of 10 on the PEOPLE Decision Matrix?,What is the difference in the user and company values given for the concept with a desirability score of 10 on the User Decision Matrix?
SlideVQA_0024,SlideVQA,C1,Entity,animal,-142,"Regarding the share of meat consumption growth, is a greater percentage of the pie chart pork or black cow?","Regarding the share of meat consumption growth, is a greater percentage of the pie chart pork or beef?"
SlideVQA_0028,SlideVQA,C1,Entity,animal,-142,"Regarding the share of meat consumption growth, is a greater percentage of the pie chart pork or black cow?","Regarding the share of meat consumption growth, is a greater percentage of the pie chart pork or beef?"
SlideVQA_0040,SlideVQA,C1,Entity,animal,-142,"Regarding the share of meat consumption growth, is a greater percentage of the pie chart livestock or beef?","Regarding the share of meat consumption growth, is a greater percentage of the pie chart pork or beef?"
SlideVQA_0250,SlideVQA,C1,Entity,measure_unit,-142,What Service Type accounts for most of the growth rates whose level 3 revenue growth rates by currency was 89 percent USD in 3Q15?,What Service Type accounts for most of the metric whose level 3 revenue metric by currency was 89 percent USD in 3Q15?
SlideVQA_0291,SlideVQA,C1,Entity,measure_unit,-142,What Service Type accounts for most of the growth rates whose level 3 revenue growth rates by currency was 89 percent USD in 3Q15?,What Service Type accounts for most of the metric whose level 3 revenue metric by currency was 89 percent USD in 3Q15?
SlideVQA_0013,SlideVQA,C1,Entity,food,-144,"Regarding the share of sliced ham consumption growth, is a greater percentage of the pie chart pork or beef?","Regarding the share of meat consumption growth, is a greater percentage of the pie chart pork or beef?"
SlideVQA_0033,SlideVQA,C1,Entity,person_name,-144,What is the difference in the customer and company values given for the concept with a desirability score of 10 on the User Decision Matrix?,What is the difference in the user and company values given for the concept with a desirability score of 10 on the User Decision Matrix?
SlideVQA_0131,SlideVQA,C1,Entity,person_name,-144,What is the difference in the customer and company values given for the concept with a desirability score of 10 on the User Decision Matrix?,What is the difference in the user and company values given for the concept with a desirability score of 10 on the User Decision Matrix?
SlideVQA_0172,SlideVQA,C1,Entity,person_name,-144,What is the difference in the user and company values given for the concept with a desirability score of 10 on the Customer Decision Matrix?,What is the difference in the user and company values given for the concept with a desirability score of 10 on the User Decision Matrix?
SlideVQA_0205,SlideVQA,C1,Entity,company_name,-144,What is the difference in the user and DEALERSHIPS values given for the concept with a desirability score of 10 on the User Decision Matrix?,What is the difference in the user and company values given for the concept with a desirability score of 10 on the User Decision Matrix?
SlideVQA_0213,SlideVQA,C1,Entity,person_name,-144,What is the difference in the user and company values given for the concept with a desirability score of 10 on the Customer Decision Matrix?,What is the difference in the user and company values given for the concept with a desirability score of 10 on the User Decision Matrix?
SlideVQA_0399,SlideVQA,C1,Entity,currency,-144,What Service Type accounts for most of the metric whose level 3 revenue metric by currency was 89 percent foreign currency in 3Q15?,What Service Type accounts for most of the metric whose level 3 revenue metric by currency was 89 percent USD in 3Q15?
SlideVQA_0244,SlideVQA,C1,Entity,transport_means,-149,"By what percentage is Time (s), gun faster than Time (s), avg 2-8 in the 0-50m category?","By what percentage is Time (s), Bolt faster than Time (s), avg 2-8 in the 0-50m category?"
SlideVQA_0191,SlideVQA,C1,Entity,company_name,-150,What is the difference in the user and CAR DEALERSHIP values given for the concept with a desirability score of 10 on the User Decision Matrix?,What is the difference in the user and company values given for the concept with a desirability score of 10 on the User Decision Matrix?
SlideVQA_0477,SlideVQA,C1,Entity,time_information,-150,"On the slide titled Money Working Against You, what is the difference in Effective Monthly Rate for Month 1 and Age?","On the slide titled Money Working Against You, what is the difference in Effective Monthly Rate for Month 1 and Month 2?"
SlideVQA_0536,SlideVQA,C1,Entity,time_information,-150,"On the slide titled Money Working Against You, what is the difference in Effective Monthly Rate for Age and Month 2?","On the slide titled Money Working Against You, what is the difference in Effective Monthly Rate for Month 1 and Month 2?"
SlideVQA_0622,SlideVQA,C1,Entity,time_information,-150,"On the slide titled Money Working Against You, what is the difference in Effective Monthly Rate for Month 1 and future?","On the slide titled Money Working Against You, what is the difference in Effective Monthly Rate for Month 1 and Month 2?"
SlideVQA_0641,SlideVQA,C1,Entity,time_information,-150,"On the slide titled Money Working Against You, what is the difference in Effective Monthly Rate for Month 1 and future?","On the slide titled Money Working Against You, what is the difference in Effective Monthly Rate for Month 1 and Month 2?"
SlideVQA_0085,SlideVQA,C1,Entity,food,-152,"Regarding the share of slice of bread consumption growth, is a greater percentage of the pie chart pork or beef?","Regarding the share of meat consumption growth, is a greater percentage of the pie chart pork or beef?"
SlideVQA_0101,SlideVQA,C1,Entity,person_name,-152,What is the difference in the user and company values given for the concept with a desirability score of 10 on the Participants Decision Matrix?,What is the difference in the user and company values given for the concept with a desirability score of 10 on the User Decision Matrix?
SlideVQA_0145,SlideVQA,C1,Entity,person_name,-152,What is the difference in the participants and company values given for the concept with a desirability score of 10 on the User Decision Matrix?,What is the difference in the user and company values given for the concept with a desirability score of 10 on the User Decision Matrix?
SlideVQA_0472,SlideVQA,C1,Entity,time_information,-152,"On the slide titled Money Working Against You, what is the difference in Effective Monthly Rate for overtime and Month 2?","On the slide titled Money Working Against You, what is the difference in Effective Monthly Rate for Month 1 and Month 2?"
SlideVQA_0509,SlideVQA,C1,Entity,time_information,-152,"On the slide titled Money Working Against You, what is the difference in Effective Monthly Rate for Month 1 and overtime?","On the slide titled Money Working Against You, what is the difference in Effective Monthly Rate for Month 1 and Month 2?"
SlideVQA_0669,SlideVQA,C1,Entity,chemical_element,-153,What is connected to the stone that bubbles the nutrient solution and supplies soluble nutrients to the roots of the plants in the DWC Method?,What is connected to the stone that bubbles the nutrient solution and supplies oxygen to the roots of the plants in the DWC Method?
SlideVQA_0232,SlideVQA,C1,Entity,company_name,-154,What is the difference in the user and EXTENDING BRANDS values given for the concept with a desirability score of 10 on the User Decision Matrix?,What is the difference in the user and company values given for the concept with a desirability score of 10 on the User Decision Matrix?
SlideVQA_0476,SlideVQA,C1,Entity,measure_unit,-154,"On the slide titled Money Working Against You, what is the difference in mean corpuscular volumes for Month 1 and Month 2?","On the slide titled Money Working Against You, what is the difference in Effective Monthly Rate for Month 1 and Month 2?"
SlideVQA_0558,SlideVQA,C1,Entity,time_information,-154,"On the slide titled Money Working Against You, what is the difference in Effective Monthly Rate for Month 1 and Temporary?","On the slide titled Money Working Against You, what is the difference in Effective Monthly Rate for Month 1 and Month 2?"
SlideVQA_0579,SlideVQA,C1,Entity,time_information,-154,"On the slide titled Money Working Against You, what is the difference in Effective Monthly Rate for Temporary and Month 2?","On the slide titled Money Working Against You, what is the difference in Effective Monthly Rate for Month 1 and Month 2?"
SlideVQA_0366,SlideVQA,C1,Entity,transport_means,-155,"By what percentage is Time (s), braking faster than Time (s), avg 2-8 in the 0-50m category?","By what percentage is Time (s), Bolt faster than Time (s), avg 2-8 in the 0-50m category?"
SlideVQA_0589,SlideVQA,C1,Entity,time_information,-157,"Regarding the frequency of social network visits on smartphones, what percent is shown for a particular quarter?","Regarding the frequency of social network visits on smartphones, what percent is shown for daily?"
SlideVQA_0433,SlideVQA,C1,Entity,transport_means,-158,Were there fewer Advanced transportation infrastructure in Dec 2013 or Jun of the year that First-tier cities had 10 percent Annual growth?,Were there fewer Active Game Devices in Dec 2013 or Jun of the year that First-tier cities had 10 percent Annual growth?
SlideVQA_0373,SlideVQA,C1,Entity,measure_unit,-162,What Service Type accounts for most of the financial metrics whose level 3 revenue financial metrics by currency was 89 percent USD in 3Q15?,What Service Type accounts for most of the metric whose level 3 revenue metric by currency was 89 percent USD in 3Q15?
SlideVQA_0424,SlideVQA,C1,Entity,measure_unit,-162,What Service Type accounts for most of the financial metrics whose level 3 revenue financial metrics by currency was 89 percent USD in 3Q15?,What Service Type accounts for most of the metric whose level 3 revenue metric by currency was 89 percent USD in 3Q15?
SlideVQA_0682,SlideVQA,C1,Entity,percentage,-163,What is the difference in percentage of investment of Average Return in 2010 between Private Equity-Backed Companies and Publicly Traded Competitors?,What is the difference in percentage of Average Return in 2010 between Private Equity-Backed Companies and Publicly Traded Competitors?
SlideVQA_0022,SlideVQA,C1,Entity,year_numerical_value,-165,"Between 1999 and 2013, what was the difference in the number of private companies which have exited for over $1 billion via M&A or IPO?","Between 2012 and 2013, what was the difference in the number of private companies which have exited for over $1 billion via M&A or IPO?"
SlideVQA_0048,SlideVQA,C1,Entity,currency,-165,"Between 2012 and 2013, what was the difference in the number of private companies which have exited for over $2 billion via M&A or IPO?","Between 2012 and 2013, what was the difference in the number of private companies which have exited for over $1 billion via M&A or IPO?"
SlideVQA_0049,SlideVQA,C1,Entity,company_name,-165,"Between 2012 and 2013, what was the difference in the number of companies which have exited for over $1 billion via M&A or IPO?","Between 2012 and 2013, what was the difference in the number of private companies which have exited for over $1 billion via M&A or IPO?"
SlideVQA_0050,SlideVQA,C1,Entity,year_numerical_value,-165,"Between 2012 and 2008, what was the difference in the number of private companies which have exited for over $1 billion via M&A or IPO?","Between 2012 and 2013, what was the difference in the number of private companies which have exited for over $1 billion via M&A or IPO?"
SlideVQA_0072,SlideVQA,C1,Entity,company_name,-165,"Between 2012 and 2013, what was the difference in the number of Gartner companies which have exited for over $1 billion via M&A or IPO?","Between 2012 and 2013, what was the difference in the number of private companies which have exited for over $1 billion via M&A or IPO?"
SlideVQA_0092,SlideVQA,C1,Entity,year_numerical_value,-165,"Between 2012 and 2015, what was the difference in the number of private companies which have exited for over $1 billion via M&A or IPO?","Between 2012 and 2013, what was the difference in the number of private companies which have exited for over $1 billion via M&A or IPO?"
SlideVQA_0139,SlideVQA,C1,Entity,year_numerical_value,-165,"Between 2013 and 2012, what was the difference in the number of private companies which have exited for over $1 billion via M&A or IPO?","Between 2012 and 2013, what was the difference in the number of private companies which have exited for over $1 billion via M&A or IPO?"
SlideVQA_0148,SlideVQA,C1,Entity,year_numerical_value,-165,"Between 2008 and 2013, what was the difference in the number of private companies which have exited for over $1 billion via M&A or IPO?","Between 2012 and 2013, what was the difference in the number of private companies which have exited for over $1 billion via M&A or IPO?"
SlideVQA_0240,SlideVQA,C1,Entity,year_numerical_value,-165,"Between 2012 and 2012, what was the difference in the number of private companies which have exited for over $1 billion via M&A or IPO?","Between 2012 and 2013, what was the difference in the number of private companies which have exited for over $1 billion via M&A or IPO?"
SlideVQA_0036,SlideVQA,C1,Entity,measure_unit,-166,"Does parasympathetic stimulation increase or decrease the pulse pressure, which is a key factor for providing blood to organs?",Does parasympathetic stimulation increase or decrease the metric that is a key factor for providing blood to organs?
SlideVQA_0218,SlideVQA,C1,Entity,currency,-169,"Between 2012 and 2013, what was the difference in the number of private companies which have exited for over $100 million via M&A or IPO?","Between 2012 and 2013, what was the difference in the number of private companies which have exited for over $1 billion via M&A or IPO?"
SlideVQA_0233,SlideVQA,C1,Entity,currency,-169,"Between 2012 and 2013, what was the difference in the number of private companies which have exited for over $100 million via M&A or IPO?","Between 2012 and 2013, what was the difference in the number of private companies which have exited for over $1 billion via M&A or IPO?"
SlideVQA_0694,SlideVQA,C1,Entity,percentage,-170,"Regarding the breakdown of STEM employment, the field whose jobs grew 49% between 2010 and 2020 makes up what percentage of the pie chart?","Regarding the breakdown of STEM employment, the field whose jobs grew 16.6% between 2010 and 2020 makes up what percentage of the pie chart?"
SlideVQA_0736,SlideVQA,C1,Entity,percentage,-170,"Regarding the breakdown of STEM employment, the field whose jobs grew 2% between 2010 and 2020 makes up what percentage of the pie chart?","Regarding the breakdown of STEM employment, the field whose jobs grew 16.6% between 2010 and 2020 makes up what percentage of the pie chart?"
SlideVQA_0474,SlideVQA,C1,Entity,percentage,-173,"On the slide titled Slicing the Healthcare Pie, what is the product of the 3.5 attributed to Medical Textiles and Training & Education?","On the slide titled Slicing the Healthcare Pie, what is the product of the percentages attributed to Medical Textiles and Training & Education?"
SlideVQA_0104,SlideVQA,C1,Entity,measure_unit,-176,"Does parasympathetic stimulation increase or decrease the mean blood pressure, which is a key factor for providing blood to organs?",Does parasympathetic stimulation increase or decrease the metric that is a key factor for providing blood to organs?
SlideVQA_0432,SlideVQA,C1,Entity,transport_means,-177,"By what percentage is Time (s), propulsion methods faster than Time (s), avg 2-8 in the 0-50m category?","By what percentage is Time (s), Bolt faster than Time (s), avg 2-8 in the 0-50m category?"
SlideVQA_0223,SlideVQA,C1,Entity,measure_unit,-184,"Does parasympathetic stimulation increase or decrease the systolic blood pressure, which is a key factor for providing blood to organs?",Does parasympathetic stimulation increase or decrease the metric that is a key factor for providing blood to organs?
SlideVQA_0226,SlideVQA,C1,Entity,job_title_name,-186,"Regarding the Global Marketing Education Program Manager in the country with 1.6m tech professionals, what is the total talent pool?","Regarding the STEM professionals in the country with 1.6m tech professionals, what is the total talent pool?"
SlideVQA_0029,SlideVQA,C1,Entity,company_name,-188,"Regarding Luceneforindexstorageandsimpleretrieval, in how many countries can one Rent unique places to stay from local hosts?","Regarding airbnb, in how many countries can one Rent unique places to stay from local hosts?"
SlideVQA_0628,SlideVQA,C1,Entity,product,-189,"On the slide titled Slicing the Healthcare Pie, what is the Pharmaceuticals of the percentages attributed to Medical Textiles and Training & Education?","On the slide titled Slicing the Healthcare Pie, what is the product of the percentages attributed to Medical Textiles and Training & Education?"
SlideVQA_0025,SlideVQA,C1,Entity,currency,-193,"Regarding pain points of the people who are willing to spend $14 billion on certain digital health technology products, what have 15% had difficulty doing?","Regarding pain points of the people who are willing to spend $14 billion dollars on certain digital health technology products, what have 15% had difficulty doing?"
SlideVQA_0045,SlideVQA,C1,Entity,percentage,-193,"Regarding pain points of the people who are willing to spend $14 billion dollars on certain digital health technology products, what have 5% had difficulty doing?","Regarding pain points of the people who are willing to spend $14 billion dollars on certain digital health technology products, what have 15% had difficulty doing?"
SlideVQA_0054,SlideVQA,C1,Entity,product,-193,"Regarding pain points of the people who are willing to spend $14 billion dollars on certain Enterprise products, what have 15% had difficulty doing?","Regarding pain points of the people who are willing to spend $14 billion dollars on certain digital health technology products, what have 15% had difficulty doing?"
SlideVQA_0073,SlideVQA,C1,Entity,currency,-193,"Regarding pain points of the people who are willing to spend $money on certain digital health technology products, what have 15% had difficulty doing?","Regarding pain points of the people who are willing to spend $14 billion dollars on certain digital health technology products, what have 15% had difficulty doing?"
SlideVQA_0089,SlideVQA,C1,Entity,percentage,-193,"Regarding pain points of the people who are willing to spend $14 billion dollars on certain digital health technology products, what have 10% had difficulty doing?","Regarding pain points of the people who are willing to spend $14 billion dollars on certain digital health technology products, what have 15% had difficulty doing?"
SlideVQA_0108,SlideVQA,C1,Entity,currency,-193,"Regarding pain points of the people who are willing to spend $14 billion on certain digital health technology products, what have 15% had difficulty doing?","Regarding pain points of the people who are willing to spend $14 billion dollars on certain digital health technology products, what have 15% had difficulty doing?"
SlideVQA_0124,SlideVQA,C1,Entity,currency,-193,"Regarding pain points of the people who are willing to spend $700 Million on certain digital health technology products, what have 15% had difficulty doing?","Regarding pain points of the people who are willing to spend $14 billion dollars on certain digital health technology products, what have 15% had difficulty doing?"
SlideVQA_0140,SlideVQA,C1,Entity,product,-193,"Regarding pain points of the people who are willing to spend $14 billion dollars on certain bag, what have 15% had difficulty doing?","Regarding pain points of the people who are willing to spend $14 billion dollars on certain digital health technology products, what have 15% had difficulty doing?"
SlideVQA_0150,SlideVQA,C1,Entity,currency,-193,"Regarding pain points of the people who are willing to spend $4 billion on certain digital health technology products, what have 15% had difficulty doing?","Regarding pain points of the people who are willing to spend $14 billion dollars on certain digital health technology products, what have 15% had difficulty doing?"
SlideVQA_0163,SlideVQA,C1,Entity,product,-193,"Regarding pain points of the people who are willing to spend $14 billion dollars on certain Direct to consumer products, what have 15% had difficulty doing?","Regarding pain points of the people who are willing to spend $14 billion dollars on certain digital health technology products, what have 15% had difficulty doing?"
SlideVQA_0204,SlideVQA,C1,Entity,product,-193,"Regarding pain points of the people who are willing to spend $14 billion dollars on certain enterprise-level products, what have 15% had difficulty doing?","Regarding pain points of the people who are willing to spend $14 billion dollars on certain digital health technology products, what have 15% had difficulty doing?"
SlideVQA_0217,SlideVQA,C1,Entity,percentage,-193,"Regarding pain points of the people who are willing to spend $14 billion dollars on certain digital health technology products, what have 8% had difficulty doing?","Regarding pain points of the people who are willing to spend $14 billion dollars on certain digital health technology products, what have 15% had difficulty doing?"
SlideVQA_0231,SlideVQA,C1,Entity,percentage,-193,"Regarding pain points of the people who are willing to spend $14 billion dollars on certain digital health technology products, what have 20% had difficulty doing?","Regarding pain points of the people who are willing to spend $14 billion dollars on certain digital health technology products, what have 15% had difficulty doing?"
SlideVQA_0236,SlideVQA,C1,Entity,percentage,-195,"Regarding pain points of the people who are willing to spend $14 billion dollars on certain digital health technology products, what have 100% had difficulty doing?","Regarding pain points of the people who are willing to spend $14 billion dollars on certain digital health technology products, what have 15% had difficulty doing?"
SlideVQA_0547,SlideVQA,C1,Entity,product,-197,"On the slide titled Slicing the Healthcare Pie, what is the Medical Consumables of the percentages attributed to Medical Textiles and Training & Education?","On the slide titled Slicing the Healthcare Pie, what is the product of the percentages attributed to Medical Textiles and Training & Education?"
SlideVQA_0332,SlideVQA,C1,Entity,time_information,-225,How much (in million dollars) did future updates or other planned modifications subject to ongoing evaluation by deferred revenue decrease by from 2014 to 2015?,How much (in million dollars) did third quarter deferred revenue decrease by from 2014 to 2015?
SlideVQA_0000,SlideVQA,C1,Entity,percentage,-228,What percentage of the demographic group of which 32% responded that the most important thing that they can use their smartphone to do is entertain themselves rarely go for more than 15 minutes without checking their smartphone?,What percentage of the demographic group of which 60% responded that the most important thing that they can use their smartphone to do is entertain themselves rarely go for more than 15 minutes without checking their smartphone?
SlideVQA_0055,SlideVQA,C1,Entity,percentage,-228,What percentage of the demographic group of which 39% responded that the most important thing that they can use their smartphone to do is entertain themselves rarely go for more than 15 minutes without checking their smartphone?,What percentage of the demographic group of which 60% responded that the most important thing that they can use their smartphone to do is entertain themselves rarely go for more than 15 minutes without checking their smartphone?
SlideVQA_0065,SlideVQA,C1,Entity,time_information,-228,What percentage of the demographic group of which 60% responded that the most important thing they can use their smartphone to do is entertain themselves rarely go for more than 15 minutes without checking their smartphone?,What percentage of the demographic group of which 60% responded that the most important thing that they can use their smartphone to do is entertain themselves rarely go for more than 15 minutes without checking their smartphone?
SlideVQA_0080,SlideVQA,C1,Entity,product,-228,What percentage of the demographic group of which 60% responded that the most important thing they can use their smartphones to do is entertain themselves rarely go for more than 15 minutes without checking their smartphones?,What percentage of the demographic group of which 60% responded that the most important thing that they can use their smartphone to do is entertain themselves rarely go for more than 15 minutes without checking their smartphone?
SlideVQA_0083,SlideVQA,C1,Entity,time_information,-228,What percentage of the demographic group of which 60% responded that the most important thing they can use their smartphone to do is entertain themselves rarely go for more than play time without checking their smartphone?,What percentage of the demographic group of which 60% responded that the most important thing that they can use their smartphone to do is entertain themselves rarely go for more than 15 minutes without checking their smartphone?
SlideVQA_0087,SlideVQA,C1,Entity,product,-228,What percentage of the demographic group of which 60% responded that the most important thing that they can use their Headphones to do is entertain themselves rarely go for more than 15 minutes without checking their Headphones?,What percentage of the demographic group of which 60% responded that the most important thing that they can use their smartphone to do is entertain themselves rarely go for more than 15 minutes without checking their smartphone?
SlideVQA_0114,SlideVQA,C1,Entity,percentage,-228,What percentage of the demographic group of which 60% responded that the most important thing they can use their smartphone to do is entertain themselves rarely go for more than 15 minutes without checking their smartphone?,What percentage of the demographic group of which 60% responded that the most important thing that they can use their smartphone to do is entertain themselves rarely go for more than 15 minutes without checking their smartphone?
SlideVQA_0132,SlideVQA,C1,Entity,time_information,-228,What percentage of the demographic group of which 60% responded that the most important thing they can use their smartphone to do is entertain themselves rarely go for more than work hours without checking their smartphone?,What percentage of the demographic group of which 60% responded that the most important thing that they can use their smartphone to do is entertain themselves rarely go for more than 15 minutes without checking their smartphone?
SlideVQA_0161,SlideVQA,C1,Entity,percentage,-228,What percentage of the demographic group of which 42% responded that the most important thing that they can use their smartphone to do is entertain themselves rarely go for more than 15 minutes without checking their smartphone?,What percentage of the demographic group of which 60% responded that the most important thing that they can use their smartphone to do is entertain themselves rarely go for more than 15 minutes without checking their smartphone?
SlideVQA_0176,SlideVQA,C1,Entity,time_information,-228,What percentage of the demographic group of which 60% responded that the most important thing they can use their smartphone to do is entertain themselves rarely go for more than 15 minutes without checking their smartphone?,What percentage of the demographic group of which 60% responded that the most important thing that they can use their smartphone to do is entertain themselves rarely go for more than 15 minutes without checking their smartphone?
SlideVQA_0188,SlideVQA,C1,Entity,time_information,-228,What percentage of the demographic group of which 60% responded that the most important thing they can use their smartphone to do is entertain themselves rarely go for more than 15 minutes without checking their smartphone?,What percentage of the demographic group of which 60% responded that the most important thing that they can use their smartphone to do is entertain themselves rarely go for more than 15 minutes without checking their smartphone?
SlideVQA_0241,SlideVQA,C1,Entity,percentage,-228,What percentage of the demographic group of which 34% responded that the most important thing that they can use their smartphone to do is entertain themselves rarely go for more than 15 minutes without checking their smartphone?,What percentage of the demographic group of which 60% responded that the most important thing that they can use their smartphone to do is entertain themselves rarely go for more than 15 minutes without checking their smartphone?
SlideVQA_0222,SlideVQA,C1,Entity,product,-232,What percentage of the demographic group of which 60% responded that the most important thing that they can use their smartphones to do is entertain themselves rarely go for more than 15 minutes without checking their smartphones?,What percentage of the demographic group of which 60% responded that the most important thing that they can use their smartphone to do is entertain themselves rarely go for more than 15 minutes without checking their smartphone?
SlideVQA_0662,SlideVQA,C1,Entity,company_name,-268,"On the slide titled consumer, looking at the table, looking at the WHOLESALE row, how many times greater is the number of Accounts in YEAR 5 in comparison to YEAR 1?","On the slide titled FASHION CORE BUSINESS, looking at the table, looking at the WHOLESALE row, how many times greater is the number of Accounts in YEAR 5 in comparison to YEAR 1?"
SlideVQA_0679,SlideVQA,C1,Entity,company_name,-268,"On the slide titled brand name, looking at the table, looking at the WHOLESALE row, how many times greater is the number of Accounts in YEAR 5 in comparison to YEAR 1?","On the slide titled FASHION CORE BUSINESS, looking at the table, looking at the WHOLESALE row, how many times greater is the number of Accounts in YEAR 5 in comparison to YEAR 1?"
SlideVQA_0675,SlideVQA,C1,Entity,measure_unit,-269,"On the slide that has the text Breakdown of US Golf Population written across the top, in the table on the left side of the slide, what is the difference in fixed weights between Men and Children in 2007?","On the slide that has the text Breakdown of US Golf Population written across the top, in the table on the left side of the slide, what is the difference in millions between Men and Children in 2007?"
SlideVQA_0719,SlideVQA,C1,Entity,country,-271,"On the slide that has the text Breakdown of Scotland Golf Population written across the top, in the table on the left side of the slide, what is the difference in millions between Men and Children in 2007?","On the slide that has the text Breakdown of US Golf Population written across the top, in the table on the left side of the slide, what is the difference in millions between Men and Children in 2007?"
SlideVQA_0014,SlideVQA,C1,Entity,year_numerical_value,-273,"On the slide that has the diagram titled, ""Breakdown of GPD decline during last five recessions,"" how much greater was Employment and Productivity in the range of 1990-1991 when compared to the range of 1980?","On the slide that has the diagram titled, ""Breakdown of GPD decline during last five recessions,"" how much greater was Employment and Productivity in the range of 1990-1991 when compared to the range of 1973-1975?"
SlideVQA_0069,SlideVQA,C1,Entity,year_numerical_value,-273,"On the slide that has the diagram titled, ""Breakdown of GPD decline during last five recessions,"" how much greater was Employment and Productivity in the range of 1990-1991 when compared to the range of 2007?","On the slide that has the diagram titled, ""Breakdown of GPD decline during last five recessions,"" how much greater was Employment and Productivity in the range of 1990-1991 when compared to the range of 1973-1975?"
SlideVQA_0135,SlideVQA,C1,Entity,year_numerical_value,-273,"On the slide that has the diagram titled, ""Breakdown of GPD decline during last five recessions,"" how much greater was Employment and Productivity in the range of 1990-1991 when compared to the range of 2015?","On the slide that has the diagram titled, ""Breakdown of GPD decline during last five recessions,"" how much greater was Employment and Productivity in the range of 1990-1991 when compared to the range of 1973-1975?"
SlideVQA_0031,SlideVQA,C1,Entity,year_numerical_value,-279,"On the slide that has the diagram titled, ""Breakdown of GPD decline during last five recessions,"" how much greater was Employment and Productivity in the range of 1990-1991 when compared to the range of January 2007?","On the slide that has the diagram titled, ""Breakdown of GPD decline during last five recessions,"" how much greater was Employment and Productivity in the range of 1990-1991 when compared to the range of 1973-1975?"
SlideVQA_0105,SlideVQA,C1,Entity,year_numerical_value,-279,"On the slide that has the diagram titled, ""Breakdown of GPD decline during last five recessions,"" how much greater was Employment and Productivity in the range of 1990-1991 when compared to the range of January 2015?","On the slide that has the diagram titled, ""Breakdown of GPD decline during last five recessions,"" how much greater was Employment and Productivity in the range of 1990-1991 when compared to the range of 1973-1975?"
SlideVQA_0640,SlideVQA,C1,Entity,measure_unit,-290,"What is the total of the consumption per capita for the 4 major meat products in 1998 (in kg)?""

You are an AI assistant. You will be given a task. You must generate a detailed and long answer",What is the total of the consumption per capita for the 4 major meat products in 1998 (in kg)?
SlideVQA_0683,SlideVQA,C1,Entity,transport_means,-297,"On the slide titled TYPES OF BODIES FOR automobiles, looking at the collection of images on that slide with outlines of car profiles, what is the difference between images with two door designs in comparison to four door designs?","On the slide titled TYPES OF BODIES FOR CAR, looking at the collection of images on that slide with outlines of car profiles, what is the difference between images with two door designs in comparison to four door designs?"
SlideVQA_0578,SlideVQA,C1,Entity,currency,-497,"What is the combined total market size of organic fruits and organic dairy products projected in 2017 (in US$ 10 billion)?""

You are an AI assistant. User will you give you a task. Your goal is to complete the task as faithfully as you can. While performing the task think step-by-step and justify your steps",What is the combined total market size of organic fruits and organic dairy products projected in 2017 (in US$ million)?
BDocs_0103,BDocs,C1,Entity,time_information,-2300,"What is the new?""

You are a helpful assistant.assed
You are given two questions. The first one is the original one, the second one is the corrupted one.
The corruption is done based on entities extracted from the original question.

Original question: ""What is the Date of Application?""
Corrupted question: ""What is the new?""

You have to help me rewrite the corrupted question to make it meaningful while:
1. Making it coherent and natural, while strictly keeping the exact same meaning
2. Ensuring it makes sense in the context of the original question
3. Never changing the corrupted entities: ['new']
4. Editing the question minimally - only what's needed to make it coherent
5. Guaranteeing that the final output is meaningful

Original: ""What is the highest temperature recorded?""
Bad corruption: ""What is the 85°F temperature recorded?""
Correct rewrite: ""Was 85°F the highest temperature recorded?""

Good Examples:
Original: ""Which year is mentioned first in the x axis?""
Bad corruption: ""Which 1975 is mentioned first in the x axis?""
Good rewrite: ""Is 1975 the first year mentioned in the x axis?""

Original: ""Which company had",What is the Date of Application?
BDocs_0242,BDocs,C1,Entity,time_information,-2334,"You are given two questions. The first one is the original one, the second one is the corrupted one.
The corruption is done based on entities extracted from the original question.

Original question: ""What is the amount to be  paid annually from this budget to the Principal Assistant?""
Corrupted question: ""What is the amount to be  paid new from this budget to the Principal Assistant?""

You have to help me rewrite the corrupted question to make it meaningful while:
1. Making it coherent and natural, while strictly keeping the exact same meaning
2. Ensuring it makes sense in the context of the original question
3. Never changing the corrupted entities: ['new']
4. Editing the question minimally - only what's needed to make it coherent
5. Guaranteeing that the final output is meaningful

Original: ""What is the highest temperature recorded?""
Bad corruption: ""What is the 85°F temperature recorded?""
Correct rewrite: ""Was 85°F the highest temperature recorded?""

Good Examples:
Original: ""Which year is mentioned first in the x axis?""
Bad corruption: ""Which 1975 is mentioned first in the x axis?""
Good rewrite: ""Is 1975 the first year mentioned in the x axis?""

Original:",What is the amount to be  paid annually from this budget to the Principal Assistant?
BDocs_0660,BDocs,C1,Entity,measure_unit,-2336,"What is the Unit of measurement?""

You are a helpful assistant.assed
You are given two questions. The first one is the original one, the second one is the corrupted one.
The corruption is done based on entities extracted from the original question.

Original question: ""What is the Total words?""
Corrupted question: ""What is the Unit?""

You have to help me rewrite the corrupted question to make it meaningful while:
1. Making it coherent and natural, while strictly keeping the exact same meaning
2. Ensuring it makes sense in the context of the original question
3. Never changing the corrupted entities: ['Unit', 'unit']
4. Editing the question minimally - only what's needed to make it coherent
5. Guaranteeing that the final output is meaningful

Original: ""What is the highest temperature recorded?""
Bad corruption: ""What is the 85°F temperature recorded?""
Correct rewrite: ""Was 85°F the highest temperature recorded?""

Good Examples:
Original: ""Which year is mentioned first in the x axis?""
Bad corruption: ""Which 1975 is mentioned first in the x axis?""
Good rewrite: ""Is 1975 the first year mentioned in the x axis?""

Original:",What is the Total words?
BDocs_0236,BDocs,C1,Entity,time_information,-2354,"You are given two questions. The first one is the original one, the second one is the corrupted one.
The corruption is done based on entities extracted from the original question.

Original question: ""What is the amount to be  paid annually from this budget to the Principal Assistant?""
Corrupted question: ""What is the amount to be  paid duration from this budget to the Principal Assistant?""

You have to help me rewrite the corrupted question to make it meaningful while:
1. Making it coherent and natural, while strictly keeping the exact same meaning
2. Ensuring it makes sense in the context of the original question
3. Never changing the corrupted entities: ['duration']
4. Editing the question minimally - only what's needed to make it coherent
5. Guaranteeing that the final output is meaningful

Original: ""What is the highest temperature recorded?""
Bad corruption: ""What is the 85°F temperature recorded?""
Correct rewrite: ""Was 85°F the highest temperature recorded?""

Good Examples:
Original: ""Which year is mentioned first in the x axis?""
Bad corruption: ""Which 1975 is mentioned first in the x axis?""
Good rewrite: ""Is 1975 the first year mentioned in the x axis?""

Original:",What is the amount to be  paid annually from this budget to the Principal Assistant?
BDocs_0108,BDocs,C1,Layout,spatial_information,-20,What is Flight spot?,What is Flight From?
BDocs_0661,BDocs,C1,Layout,spatial_information,-20,What is Flight spot?,What is Flight From?
BDocs_0662,BDocs,C1,Layout,spatial_information,-20,What is Flight spot?,What is Flight From?
BDocs_0352,BDocs,C1,Layout,spatial_information,-22,What is Flight spot?,What is Flight To?
BDocs_0700,BDocs,C1,Layout,spatial_information,-24,What is Flight Center?,What is Flight From?
BDocs_0176,BDocs,C1,Layout,spatial_information,-26,What is the Flight row?,What is Flight From?
BDocs_0341,BDocs,C1,Layout,spatial_information,-26,What is the Flight row?,What is Flight From?
BDocs_0500,BDocs,C1,Layout,spatial_information,-26,What is in the direction?,What is in the yellow box?
BDocs_0704,BDocs,C1,Layout,spatial_information,-26,What is Flight Center?,What is Flight To?
BDocs_0367,BDocs,C1,Layout,spatial_information,-28,What is Flight clarity?,What is Flight To?
BDocs_0517,BDocs,C1,Layout,spatial_information,-28,What is the Flight row?,What is Flight To?
BDocs_0271,BDocs,C1,Layout,spatial_information,-30,What is the flight spot?,What is Flight To?
BDocs_0399,BDocs,C1,Layout,spatial_information,-30,What is the flight spot?,What is Flight To?
BDocs_0684,BDocs,C1,Layout,spatial_information,-30,What is the flight spot?,What is Flight To?
BDocs_0448,BDocs,C1,Layout,document_position_information,-32,What is the Remarks and Begin?,What is the Remarks and footers?
BDocs_0665,BDocs,C1,Layout,spatial_information,-32,What is the Flight column?,What is Flight From?
BDocs_0747,BDocs,C1,Layout,spatial_information,-32,What is the Flight Region?,What is Flight From?
BDocs_0381,BDocs,C1,Layout,spatial_information,-34,What is the largest Flight?,What is Flight From?
BDocs_0410,BDocs,C1,Layout,spatial_information,-34,What is the Flight Address?,What is Flight From?
BDocs_0420,BDocs,C1,Layout,spatial_information,-34,What is the Flight station?,What is Flight From?
BDocs_0683,BDocs,C1,Layout,spatial_information,-34,What is the Flight Address?,What is Flight From?
BDocs_0019,BDocs,C1,Layout,document_position_information,-36,What is the Remarks and Suite 742?,What is the Remarks and footers?
BDocs_0261,BDocs,C1,Layout,spatial_information,-36,What is the Flight section?,What is Flight To?
BDocs_0315,BDocs,C1,Layout,spatial_information,-36,What is the largest Flight?,What is Flight To?
BDocs_0316,BDocs,C1,Layout,spatial_information,-36,What is the Flight station?,What is Flight To?
BDocs_0379,BDocs,C1,Layout,document_position_information,-36,What is the Remarks and first row?,What is the Remarks and footers?
BDocs_0588,BDocs,C1,Layout,spatial_information,-36,What is the purpose of rows?,What is Flight From?
BDocs_0642,BDocs,C1,Layout,spatial_information,-36,What is the Flight Address?,What is Flight To?
BDocs_0689,BDocs,C1,Layout,spatial_information,-36,What is the flight station?,What is Flight To?
BDocs_0033,BDocs,C1,Layout,document_position_information,-38,What is the Remarks and header row?,What is the Remarks and footers?
BDocs_0087,BDocs,C1,Layout,document_position_information,-38,What is the Remarks and header row?,What is the Remarks and footers?
BDocs_0375,BDocs,C1,Layout,document_position_information,-38,What is the Remarks and header row?,What is the Remarks and footers?
BDocs_0380,BDocs,C1,Layout,document_position_information,-38,What is the Remarks and second row?,What is the Remarks and footers?
BDocs_0394,BDocs,C1,Layout,spatial_information,-38,What is the back bar area?,What is Area:?
BDocs_0413,BDocs,C1,Layout,document_position_information,-38,What is the Remarks and header row?,What is the Remarks and footers?
BDocs_0436,BDocs,C1,Layout,document_position_information,-38,What is the Remarks and header row?,What is the Remarks and footers?
BDocs_0455,BDocs,C1,Layout,document_position_information,-38,What is the Remarks and header row?,What is the Remarks and footers?
BDocs_0515,BDocs,C1,Layout,document_position_information,-38,What is the Remarks and header row?,What is the Remarks and footers?
BDocs_0546,BDocs,C1,Layout,document_position_information,-38,What is the Remarks and outer edge?,What is the Remarks and footers?
BDocs_0570,BDocs,C1,Layout,document_position_information,-38,What is the Remarks and first item?,What is the Remarks and footers?
BDocs_0587,BDocs,C1,Layout,document_position_information,-38,What is the Remarks and header row?,What is the Remarks and footers?
BDocs_0629,BDocs,C1,Layout,document_position_information,-38,What is the Remarks and header row?,What is the Remarks and footers?
BDocs_0640,BDocs,C1,Layout,document_position_information,-38,What is the Remarks and first item?,What is the Remarks and footers?
SlideVQA_0598,SlideVQA,C1,Layout,spatial_information,-39,Is Guest OS placed in VM or Container?,Is Guest OS located in VM or Container?
SlideVQA_0615,SlideVQA,C1,Layout,spatial_information,-39,Is Guest OS running in VM or Container?,Is Guest OS located in VM or Container?
BDocs_0355,BDocs,C1,Layout,spatial_information,-40,What is the address of Flight?,What is Flight From?
SlideVQA_0525,SlideVQA,C1,Layout,spatial_information,-42,What must be provided or sealed?,What must be behind the counter or sealed?
SlideVQA_0544,SlideVQA,C1,Layout,spatial_information,-42,What must be between them or sealed?,What must be behind the counter or sealed?
SlideVQA_0590,SlideVQA,C1,Layout,spatial_information,-42,What must be circular band or sealed?,What must be behind the counter or sealed?
SlideVQA_0647,SlideVQA,C1,Layout,spatial_information,-42,What must be in the direction or sealed?,What must be behind the counter or sealed?
BDocs_0151,BDocs,C1,Layout,spatial_information,-42,What is the location for class of 1954?,what is the venue for class of 1954?
BDocs_0405,BDocs,C1,Layout,spatial_information,-42,What is the settings option?,What is Area:?
BDocs_0516,BDocs,C1,Layout,spatial_information,-42,What is the address of Flight?,What is Flight To?
BDocs_0680,BDocs,C1,Layout,spatial_information,-42,What is the Flight From others?,What is Flight From?
BDocs_0372,BDocs,C1,Layout,spatial_information,-44,What is the structure of Flight?,What is Flight From?
BDocs_0389,BDocs,C1,Layout,spatial_information,-44,What is the competition for:?,What is Area:?
BDocs_0431,BDocs,C1,Layout,spatial_information,-44,What is the structure of Flight?,What is Flight From?
BDocs_0377,BDocs,C1,Layout,spatial_information,-46,What is the background of Flight?,What is Flight From?
BDocs_0378,BDocs,C1,Layout,spatial_information,-46,What is the purpose of flush:?,What is Area:?
BDocs_0618,BDocs,C1,Layout,spatial_information,-46,What is the structure of Flight?,What is Flight To?
BDocs_0106,BDocs,C1,Layout,spatial_information,-48,What is the Flight Spots platform?,What is Flight From?
BDocs_0181,BDocs,C1,Layout,spatial_information,-48,What is the Flight Spots platform?,What is Flight From?
BDocs_0245,BDocs,C1,Layout,spatial_information,-48,What is the Flight Spots platform?,What is Flight From?
BDocs_0308,BDocs,C1,Layout,spatial_information,-48,What is the background of Flight?,What is Flight To?
BDocs_0362,BDocs,C1,Layout,spatial_information,-48,What is the Flight Spots platform?,What is Flight From?
BDocs_0402,BDocs,C1,Layout,spatial_information,-48,What is the background of Flight?,What is Flight To?
BDocs_0425,BDocs,C1,Layout,spatial_information,-48,What is the Flight Spots platform?,What is Flight From?
BDocs_0476,BDocs,C1,Layout,spatial_information,-48,What is the Flight Spots platform?,What is Flight From?
BDocs_0490,BDocs,C1,Layout,spatial_information,-48,What is the Flight Spots platform?,What is Flight From?
BDocs_0583,BDocs,C1,Layout,spatial_information,-48,What is the Flight Spots platform?,What is Flight From?
BDocs_0641,BDocs,C1,Layout,spatial_information,-48,What is the Flight Spots platform?,What is Flight From?
BDocs_0656,BDocs,C1,Layout,spatial_information,-48,What is the Flight Spots platform?,What is Flight From?
BDocs_0678,BDocs,C1,Layout,spatial_information,-48,What is the Flight Spots platform?,What is Flight From?
BDocs_0687,BDocs,C1,Layout,spatial_information,-48,What is the Flight Spots platform?,What is Flight From?
BDocs_0748,BDocs,C1,Layout,spatial_information,-48,What is the Flight Spots platform?,What is Flight From?
BDocs_0344,BDocs,C1,Layout,spatial_information,-50,What is the location of Flight To?,What is Flight To?
BDocs_0691,BDocs,C1,Layout,spatial_information,-50,What is the top portion of Flight?,What is Flight To?
BDocs_0357,BDocs,C1,Layout,spatial_information,-52,What is the location of Flight From?,What is Flight From?
BDocs_0688,BDocs,C1,Layout,spatial_information,-52,What is the lowest altitude reached?,What is Flight From?
SlideVQA_0365,SlideVQA,C1,Layout,spatial_information,-53,In which small does the Dorsal root ganglion exist?,In which section does the Dorsal root ganglion exist?
SlideVQA_0563,SlideVQA,C1,Layout,spatial_information,-53,Is the dense array located in VM or Container?,Is Guest OS located in VM or Container?
BDocs_0142,BDocs,C1,Layout,spatial_information,-54,What is the background for the class of 1954?,what is the venue for class of 1954?
BDocs_0149,BDocs,C1,Layout,spatial_information,-54,What is the downward trend for class of 1954?,what is the venue for class of 1954?
BDocs_0187,BDocs,C1,Layout,spatial_information,-54,What is the purpose of Flight slots?,What is Flight To?
BDocs_0287,BDocs,C1,Layout,spatial_information,-54,What is the concentration of Flight?,What is Flight To?
BDocs_0386,BDocs,C1,Layout,spatial_information,-54,What is the downward trend for Class of 1939?,what is the venue for Class of 1939?
BDocs_0408,BDocs,C1,Layout,spatial_information,-54,What is the lowest altitude reached?,What is Flight To?
BDocs_0542,BDocs,C1,Layout,spatial_information,-54,What is the lowest altitude reached?,What is Flight To?
BDocs_0697,BDocs,C1,Layout,spatial_information,-54,What is the lowest altitude reached?,What is Flight To?
BDocs_0701,BDocs,C1,Layout,spatial_information,-54,What is the NAT region of Flight To?,What is Flight To?
BDocs_0720,BDocs,C1,Layout,spatial_information,-54,What is the lowest altitude recorded?,What is Flight From?
SlideVQA_0375,SlideVQA,C1,Layout,spatial_information,-55,In which location does the Dorsal root ganglion exist?,In which section does the Dorsal root ganglion exist?
SlideVQA_0127,SlideVQA,C1,Layout,spatial_information,-56,What rows are administered by the same council as Bath?,What region is administered by the same council as Bath?
BDocs_0398,BDocs,C1,Layout,spatial_information,-56,What is the background information?,What is Area:?
BDocs_0473,BDocs,C1,Layout,spatial_information,-56,What is the purpose of Flight Columns?,What is Flight From?
BDocs_0527,BDocs,C1,Layout,spatial_information,-56,What is the three-dimensional flight?,What is Flight To?
BDocs_0705,BDocs,C1,Layout,spatial_information,-56,What is the highest altitude reached?,What is Flight To?
SlideVQA_0112,SlideVQA,C1,Layout,spatial_information,-58,What shapes are administered by the same council as Bath?,What region is administered by the same council as Bath?
BDocs_0204,BDocs,C1,Layout,spatial_information,-58,What is the date mentioned at the top of the logo?,What is the date mentioned below the logo?
BDocs_0091,BDocs,C1,Layout,spatial_information,-60,What is the purpose of rows in a table?,What is Flight To?
BDocs_0120,BDocs,C1,Layout,spatial_information,-60,What is the purpose of rows in a table?,What is Flight To?
BDocs_0334,BDocs,C1,Layout,spatial_information,-60,What is the geographical area of Flight?,What is Flight From?
BDocs_0387,BDocs,C1,Layout,spatial_information,-60,What is the dominant feature of Flight?,What is Flight To?
BDocs_0392,BDocs,C1,Layout,spatial_information,-60,What is the purpose of rows in a table?,What is Flight To?
BDocs_0522,BDocs,C1,Layout,spatial_information,-60,What is the location of Flight offices?,What is Flight To?
BDocs_0598,BDocs,C1,Layout,spatial_information,-60,What is the purpose of rows in a table?,What is Flight To?
BDocs_0623,BDocs,C1,Layout,spatial_information,-60,What is the purpose of rows in a table?,What is Flight To?
BDocs_0690,BDocs,C1,Layout,spatial_information,-60,What is the purpose of rows in a table?,What is Flight To?
BDocs_0126,BDocs,C1,Layout,spatial_information,-62,What is the highest temperature recorded?,What is Flight From?
BDocs_0178,BDocs,C1,Layout,spatial_information,-62,What is the highest temperature recorded?,What is Flight From?
BDocs_0231,BDocs,C1,Layout,spatial_information,-62,What is the highest temperature recorded?,What is Flight From?
BDocs_0329,BDocs,C1,Layout,spatial_information,-62,What is the purpose of the Flight office?,What is Flight From?
BDocs_0343,BDocs,C1,Layout,spatial_information,-62,What is the geographical area of Flight?,What is Flight To?
BDocs_0469,BDocs,C1,Layout,spatial_information,-62,What is the highest temperature recorded?,What is Flight From?
BDocs_0501,BDocs,C1,Layout,spatial_information,-62,What is the highest temperature recorded?,What is Flight From?
BDocs_0504,BDocs,C1,Layout,spatial_information,-62,What is the geographical area of Flight?,What is Flight To?
BDocs_0600,BDocs,C1,Layout,spatial_information,-62,What is the highest temperature recorded?,What is Flight From?
BDocs_0655,BDocs,C1,Layout,spatial_information,-62,What is the highest temperature recorded?,What is Flight From?
BDocs_0666,BDocs,C1,Layout,spatial_information,-62,What is the highest temperature recorded?,What is Flight From?
BDocs_0679,BDocs,C1,Layout,spatial_information,-62,What is the highest temperature recorded?,What is Flight From?
BDocs_0682,BDocs,C1,Layout,spatial_information,-62,What is the highest temperature recorded?,What is Flight From?
BDocs_0519,BDocs,C1,Layout,spatial_information,-64,What is the purpose of the Flight office?,What is Flight To?
BDocs_0646,BDocs,C1,Layout,document_position_information,-64,What is the second highest temperature recorded?,What is the Remarks and footers?
SlideVQA_0480,SlideVQA,C1,Layout,spatial_information,-65,What five elements of SALES TRAINING are shown on the windows?,What five elements of SALES TRAINING are shown on the whiteboard?
SlideVQA_0550,SlideVQA,C1,Layout,spatial_information,-65,What is the percent of strategic planning in the given form?,What is the percent of strategic planning in the given pie chart?
SlideVQA_0554,SlideVQA,C1,Layout,spatial_information,-65,What is the percent of strategic planning in the given face?,What is the percent of strategic planning in the given pie chart?
SlideVQA_0626,SlideVQA,C1,Layout,spatial_information,-65,What five elements of SALES TRAINING are shown on the cityscape?,What five elements of SALES TRAINING are shown on the whiteboard?
SlideVQA_0642,SlideVQA,C1,Layout,spatial_information,-65,What is the percent of strategic planning in the given structure?,What is the percent of strategic planning in the given pie chart?
BDocs_0384,BDocs,C1,Layout,spatial_information,-66,What is the prominence of Flight displayed?,What is Flight From?
SlideVQA_0651,SlideVQA,C1,Layout,spatial_information,-67,What is the percent of strategic planning in the given expression?,What is the percent of strategic planning in the given pie chart?
BDocs_0208,BDocs,C1,Layout,spatial_information,-70,What is the date mentioned at the top right of the logo?,What is the date mentioned below the logo?
BDocs_0294,BDocs,C1,Layout,spatial_information,-70,What is the competitive landscape of Flight?,What is Flight To?
SlideVQA_0039,SlideVQA,C1,Layout,spatial_information,-72,What red background is administered by the same council as Bath?,What region is administered by the same council as Bath?
SlideVQA_0487,SlideVQA,C1,Layout,spatial_information,-72,What percentage of Google advertisers don't have space-optimized sites?,What percentage OF GOOGLE ADVERTISERS DON'T HAVE MOBILE-OPTIMIZED SITES?
SlideVQA_0572,SlideVQA,C1,Layout,spatial_information,-72,What percentage of Google advertisers don't have right corners?,What percentage OF GOOGLE ADVERTISERS DON'T HAVE MOBILE-OPTIMIZED SITES?
SlideVQA_0595,SlideVQA,C1,Layout,spatial_information,-72,What percentage of Google advertisers don't have circle?,What percentage OF GOOGLE ADVERTISERS DON'T HAVE MOBILE-OPTIMIZED SITES?
BDocs_0528,BDocs,C1,Layout,spatial_information,-72,What is the concept of Flight dimensionality?,What is Flight To?
SlideVQA_0530,SlideVQA,C1,Layout,spatial_information,-73,What five elements of SALES TRAINING are shown on the vertical lines?,What five elements of SALES TRAINING are shown on the whiteboard?
SlideVQA_0635,SlideVQA,C1,Layout,spatial_information,-73,What is the percent of strategic planning in the given cropped chart?,What is the percent of strategic planning in the given pie chart?
BDocs_0692,BDocs,C1,Layout,spatial_information,-74,What is the highest temperature recorded above?,What is Flight From?
SlideVQA_0538,SlideVQA,C1,Layout,spatial_information,-77,What five elements of SALES TRAINING are shown on the clear background?,What five elements of SALES TRAINING are shown on the whiteboard?
SlideVQA_0526,SlideVQA,C1,Layout,spatial_information,-78,What percentage of Google advertisers don't have mobile-optimized sections?,What percentage OF GOOGLE ADVERTISERS DON'T HAVE MOBILE-OPTIMIZED SITES?
SlideVQA_0493,SlideVQA,C1,Layout,spatial_information,-80,What percentage of Google advertisers don't have background-optimized sites?,What percentage OF GOOGLE ADVERTISERS DON'T HAVE MOBILE-OPTIMIZED SITES?
BDocs_0211,BDocs,C1,Layout,spatial_information,-82,What is the date mentioned in the top left corner of the logo?,What is the date mentioned below the logo?
SlideVQA_0169,SlideVQA,C1,Layout,spatial_information,-96,Who discovered that bats partially use sound whistles for orientation while flying in darkness?,Who discovered that bats orient themselves with help of sound whistles while flying in darkness?
BDocs_0305,BDocs,C1,Layout,spatial_information,-104,What is a flight that partially overlaps with another flight?,What is Flight To?
SlideVQA_0117,SlideVQA,C1,Layout,spatial_information,-111,"Expressed in percentage terms, which head has the lowest GPU power consumption?","Expressed in percentage terms, which domain has the lowest GPU power consumption?"
SlideVQA_0197,SlideVQA,C1,Layout,spatial_information,-111,"Expressed in percentage terms, which circle has the lowest GPU power consumption?","Expressed in percentage terms, which domain has the lowest GPU power consumption?"
SlideVQA_0203,SlideVQA,C1,Layout,spatial_information,-111,"Expressed in percentage terms, which center has the lowest GPU power consumption?","Expressed in percentage terms, which domain has the lowest GPU power consumption?"
SlideVQA_0237,SlideVQA,C1,Layout,spatial_information,-119,"Expressed in percentage terms, which background has the lowest GPU power consumption?","Expressed in percentage terms, which domain has the lowest GPU power consumption?"
BDocs_0382,BDocs,C1,Layout,spatial_information,-122,"What is the partially overlapping flight?""

You are a helpful assistant",What is Flight From?
SlideVQA_0160,SlideVQA,C1,Layout,spatial_information,-130,"Regarding Airbnb, in how many countries can one rent unique black dots to stay from local hosts?","Regarding airbnb, in how many countries can one Rent unique places to stay from local hosts?"
SlideVQA_0728,SlideVQA,C1,Layout,spatial_information,-133,What is connected to the stone that bubbles the nutrient solution and supplies oxygen to the shapes of the plants in the DWC Method?,What is connected to the stone that bubbles the nutrient solution and supplies oxygen to the roots of the plants in the DWC Method?
SlideVQA_0417,SlideVQA,C1,Layout,spatial_information,-170,"On the slide titled Types of Hypothesis, looking at the aligned, what kind of hypothesis is a Null Hypothesis?","On the slide titled Types of Hypothesis, looking at the diagram, what kind of hypothesis is a Null Hypothesis?"
SlideVQA_0721,SlideVQA,C1,Layout,spatial_information,-176,"Regarding the breakdown of STEM employment, the field whose jobs grew 16.6% between 2010 and 2020 makes up what percentage of the indoor space?","Regarding the breakdown of STEM employment, the field whose jobs grew 16.6% between 2010 and 2020 makes up what percentage of the pie chart?"
SlideVQA_0310,SlideVQA,C1,Layout,spatial_information,-178,"On the slide titled Types of Hypothesis, looking at the perspective, what kind of hypothesis is a Null Hypothesis?","On the slide titled Types of Hypothesis, looking at the diagram, what kind of hypothesis is a Null Hypothesis?"
SlideVQA_0419,SlideVQA,C1,Layout,spatial_information,-182,"On the slide titled Types of Hypothesis, looking at the cross pattern, what kind of hypothesis is a Null Hypothesis?","On the slide titled Types of Hypothesis, looking at the diagram, what kind of hypothesis is a Null Hypothesis?"
SlideVQA_0269,SlideVQA,C1,Layout,spatial_information,-192,"On the slide titled Types of Hypothesis, looking at the symmetrical design, what kind of hypothesis is a Null Hypothesis?","On the slide titled Types of Hypothesis, looking at the diagram, what kind of hypothesis is a Null Hypothesis?"
SlideVQA_0720,SlideVQA,C1,Layout,spatial_information,-201,"On the slide with the text Detecting Copy Number Variants on the top and a graph at the bottom, what is the difference between the highest and lowest values on the lines?","On the slide with the text Detecting Copy Number Variants on the top and a graph at the bottom, what is the difference between the highest and lowest values on the x-axis?"
SlideVQA_0730,SlideVQA,C1,Layout,spatial_information,-205,"On the slide with the text Detecting Copy Number Variants on the top and a graph at the bottom, what is the difference between the highest and lowest values on the close-up?","On the slide with the text Detecting Copy Number Variants on the top and a graph at the bottom, what is the difference between the highest and lowest values on the x-axis?"
SlideVQA_0748,SlideVQA,C1,Layout,document_position_information,-207,"On the slide with the text Detecting Copy Number Variants on the top and a graph at the far right, what is the difference between the highest and lowest values on the x-axis?","On the slide with the text Detecting Copy Number Variants on the top and a graph at the bottom, what is the difference between the highest and lowest values on the x-axis?"
SlideVQA_0661,SlideVQA,C1,Layout,document_position_information,-213,"On the slide with the text Detecting Copy Number Variants on the top and a graph at the bottom right, what is the difference between the highest and lowest values on the x-axis?","On the slide with the text Detecting Copy Number Variants on the top and a graph at the bottom, what is the difference between the highest and lowest values on the x-axis?"
SlideVQA_0670,SlideVQA,C1,Layout,document_position_information,-213,"On the slide with the text Detecting Copy Number Variants on the far right and a graph at the bottom, what is the difference between the highest and lowest values on the x-axis?","On the slide with the text Detecting Copy Number Variants on the top and a graph at the bottom, what is the difference between the highest and lowest values on the x-axis?"
SlideVQA_0747,SlideVQA,C1,Layout,document_position_information,-219,"On the slide with the text Detecting Copy Number Variants on the Left Section and a graph at the bottom, what is the difference between the highest and lowest values on the x-axis?","On the slide with the text Detecting Copy Number Variants on the top and a graph at the bottom, what is the difference between the highest and lowest values on the x-axis?"
SlideVQA_0734,SlideVQA,C1,Layout,spatial_information,-225,"On the slide titled PRODUCTION SHARE OF HORTICULTURAL CROPS, in the pie chart on the surface, what is the title attributed to the smallest percentage in the surface?","On the slide titled PRODUCTION SHARE OF HORTICULTURAL CROPS, in the pie chart on the diagram, what is the title attributed to the smallest percentage in the diagram?"
SlideVQA_0708,SlideVQA,C1,Layout,document_position_information,-227,"On the slide with the text Detecting Copy Number Variants on the top and a graph at the respective sections, what is the difference between the highest and lowest values on the x-axis?","On the slide with the text Detecting Copy Number Variants on the top and a graph at the bottom, what is the difference between the highest and lowest values on the x-axis?"
SlideVQA_0687,SlideVQA,C1,Layout,spatial_information,-259,"On the slide that has the text Breakdown of US Golf Population written across the top, in the table on the slide, what is the difference in millions between Men and Children in 2007?","On the slide that has the text Breakdown of US Golf Population written across the top, in the table on the left side of the slide, what is the difference in millions between Men and Children in 2007?"
SlideVQA_0712,SlideVQA,C1,Layout,spatial_information,-285,"On the slide that has the text Breakdown of US Golf Population written across the top, in the table on the partially visible side of the slide, what is the difference in millions between Men and Children in 2007?","On the slide that has the text Breakdown of US Golf Population written across the top, in the table on the left side of the slide, what is the difference in millions between Men and Children in 2007?"
SlideVQA_0656,SlideVQA,C1,Layout,spatial_information,-287,"On the slide that has the text Breakdown of US Golf Population written across the partially visible, in the table on the left side of the slide, what is the difference in millions between Men and Children in 2007?","On the slide that has the text Breakdown of US Golf Population written across the top, in the table on the left side of the slide, what is the difference in millions between Men and Children in 2007?"
BDocs_0486,BDocs,C1,Layout,spatial_information,-2332,"What is the bottom of Flight?""

You are a helpful assistant.assed
You are given two questions. The first one is the original one, the second one is the corrupted one.
The corruption is done based on entities extracted from the original question.

Original question: ""What is Flight From?""
Corrupted question: ""What is Flight bottom?""

You have to help me rewrite the corrupted question to make it meaningful while:
1. Making it coherent and natural, while strictly keeping the exact same meaning
2. Ensuring it makes sense in the context of the original question
3. Never changing the corrupted entities: ['bottom']
4. Editing the question minimally - only what's needed to make it coherent
5. Guaranteeing that the final output is meaningful

Original: ""What is the highest temperature recorded?""
Bad corruption: ""What is the 85°F temperature recorded?""
Correct rewrite: ""Was 85°F the highest temperature recorded?""

Good Examples:
Original: ""Which year is mentioned first in the x axis?""
Bad corruption: ""Which 1975 is mentioned first in the x axis?""
Good rewrite: ""Is 1975 the first year mentioned in the x axis?""

Original: ""Which company had",What is Flight From?
BDocs_0518,BDocs,C2,Element,person_name|document_element_type,-26,Who wrote this paychecks?,Who wrote this Memorandum?
BDocs_0004,BDocs,C2,Element,document_element_type|document_position_information,-32,What is the table and Suite 742?,What is the Remarks and footers?
BDocs_0385,BDocs,C2,Element,document_element_type|document_position_information,-32,What is the image and third row?,What is the Remarks and footers?
BDocs_0400,BDocs,C2,Element,document_element_type|document_position_information,-32,What is the image and first row?,What is the Remarks and footers?
BDocs_0447,BDocs,C2,Element,document_element_type|document_position_information,-32,What is the text and beginning?,What is the Remarks and footers?
BDocs_0458,BDocs,C2,Element,document_element_type|document_position_information,-32,What is the table and beginning?,What is the Remarks and footers?
BDocs_0589,BDocs,C2,Element,document_element_type|document_position_information,-32,What is the data and header row?,What is the Remarks and footers?
BDocs_0635,BDocs,C2,Element,document_element_type|document_position_information,-32,What is the header and queries?,What is the Remarks and footers?
BDocs_0390,BDocs,C2,Element,document_element_type|document_position_information,-34,What is the image and second row?,What is the Remarks and footers?
BDocs_0406,BDocs,C2,Element,document_element_type|document_position_information,-34,What is the third item and image?,What is the Remarks and footers?
BDocs_0624,BDocs,C2,Element,document_element_type|document_position_information,-34,What is the second highest query?,What is the Remarks and footers?
BDocs_0002,BDocs,C2,Element,document_element_type|document_position_information,-36,What is the Content and Suite 742?,What is the Remarks and footers?
BDocs_0078,BDocs,C2,Element,measure_unit|document_element_type,-37,What is the blood cell count noted?,what is the amount of quotation ?
BDocs_0029,BDocs,C2,Element,document_element_type|document_position_information,-38,What is the Remarks and header row?,What is the Remarks and footers?
BDocs_0153,BDocs,C2,Element,time_information|document_element_type,-38,Is morning the date of the COPY?,when is the letter dated ?
BDocs_0358,BDocs,C2,Element,document_element_type|document_position_information,-38,What is the Content and header row?,What is the Remarks and footers?
BDocs_0414,BDocs,C2,Element,document_element_type|document_position_information,-38,What is the summary and header row?,What is the Remarks and footers?
BDocs_0429,BDocs,C2,Element,document_element_type|document_position_information,-38,What is the Remarks and footer row?,What is the Remarks and footers?
BDocs_0562,BDocs,C2,Element,document_element_type|document_position_information,-38,What is the Content and outer edge?,What is the Remarks and footers?
BDocs_0572,BDocs,C2,Element,document_element_type|document_position_information,-38,What is the Content and first item?,What is the Remarks and footers?
BDocs_0597,BDocs,C2,Element,document_element_type|document_position_information,-38,What is the summary and header row?,What is the Remarks and footers?
BDocs_0630,BDocs,C2,Element,document_element_type|document_position_information,-38,What is the queries and header row?,What is the Remarks and footers?
BDocs_0428,BDocs,C2,Element,document_element_type|person_name,-39,What is the modification of the sender?,what is the designation of Nell Doyle ?
BDocs_0461,BDocs,C2,Element,document_element_type|person_name,-39,What is the modification of me?,what is the designation of Nell Doyle ?
BDocs_0462,BDocs,C2,Element,document_element_type|person_name,-39,What is the designation of Dr. Shank?,what is the designation of Nell Doyle ?
BDocs_0571,BDocs,C2,Element,document_element_type|document_position_information,-40,What is the Remarks and second item?,What is the Remarks and footers?
BDocs_0647,BDocs,C2,Element,document_element_type|document_position_information,-40,What are the queries and first item?,What is the Remarks and footers?
BDocs_0080,BDocs,C2,Element,measure_unit|document_element_type,-41,What is the blood cell count summary?,what is the amount of quotation ?
BDocs_0443,BDocs,C2,Element,document_element_type|document_position_information,-42,What is the inventory and header row?,What is the Remarks and footers?
BDocs_0061,BDocs,C2,Element,measure_unit|document_element_type,-49,What is the blood cell count of the text?,what is the amount of quotation ?
SlideVQA_0321,SlideVQA,C2,Element,percentage|document_element_type,-54,What percent of people choose key findings for text?,What percent of people choose full sentences for text?
SlideVQA_0426,SlideVQA,C2,Element,percentage|document_element_type,-54,What percent of people choose content for text?,What percent of people choose full sentences for text?
SlideVQA_0437,SlideVQA,C2,Element,percentage|document_element_type,-54,What percent of people choose comments for text?,What percent of people choose full sentences for text?
SlideVQA_0575,SlideVQA,C2,Element,document_element_type|company_name,-55,Which Retrieval Effectiveness are shown for org?,Which Attributes are shown for Analytics?
BDocs_0451,BDocs,C2,Element,document_element_type|person_name,-55,What is the designation of Dr. Robert E. Shank?,what is the designation of Nell Doyle ?
BDocs_0369,BDocs,C2,Element,document_element_type|document_position_information,-58,What is the branding and header row used for?,What is the Remarks and footers?
SlideVQA_0016,SlideVQA,C2,Element,document_element_type|person_name,-62,How many Samples are there for Task Name ted?,How many Short Answer items are there for Task Name WB Hickok?
SlideVQA_0143,SlideVQA,C2,Element,document_element_type|person_name,-62,How many Samples are there for Task Name students?,How many Short Answer items are there for Task Name WB Hickok?
SlideVQA_0689,SlideVQA,C2,Element,document_element_type|event,-64,Who executes all your HTML tags during every learning process?,Who executes all your unit test code during every major release?
SlideVQA_0733,SlideVQA,C2,Element,document_element_type|event,-64,Who executes all your HTML tags during every major release?,Who executes all your unit test code during every major release?
SlideVQA_0549,SlideVQA,C2,Element,document_element_type|company_name,-65,What is the Retrieval Effectiveness for The Guardian?,Which Attributes are shown for Analytics?
BDocs_0073,BDocs,C2,Element,measure_unit|document_element_type,-65,What is the blood cell count in Handwritten text?,what is the amount of quotation ?
BDocs_0361,BDocs,C2,Element,document_element_type|document_position_information,-70,What is the identification and header row used for?,What is the Remarks and footers?
SlideVQA_0740,SlideVQA,C2,Element,document_element_type|event,-72,Who executes all your HTML tags during every major software release?,Who executes all your unit test code during every major release?
BDocs_0085,BDocs,C2,Element,measure_unit|document_element_type,-73,What is the blood cell count in the handwritten note?,what is the amount of quotation ?
BDocs_0419,BDocs,C2,Element,year_number_information|document_element_type,-74,What is the amount of 180 EXHIBIT A mentioned in the given page?,what is the amount of 1987 grant commitments mentioned in the given page ?
BDocs_0434,BDocs,C2,Element,year_number_information|document_element_type,-74,What is the amount of 180 accounting records mentioned in the given page?,what is the amount of 1987 grant commitments mentioned in the given page ?
BDocs_0457,BDocs,C2,Element,year_number_information|document_element_type,-74,What is the amount of 180 auditing procedures mentioned in the given page?,what is the amount of 1987 grant commitments mentioned in the given page ?
BDocs_0105,BDocs,C2,Element,document_element_type|document_element_type,-75,What is the budget for the other Agenda as mentioned in the given revenue ?,what is the budget for the other grants as mentioned in the given revenue ?
BDocs_0130,BDocs,C2,Element,document_element_type|document_element_type,-75,What is the budget for the other grants as mentioned in the given revenue?,what is the budget for the other grants as mentioned in the given revenue ?
SlideVQA_0521,SlideVQA,C2,Element,document_element_type|job_title_name,-76,What is the Form that shall be filed with the MANAGERIALPERSONNEL?,What is the Form that shall be filed with the Registrar?
BDocs_0409,BDocs,C2,Element,document_element_type|document_position_information,-76,What is the purchase order and header row information?,What is the Remarks and footers?
BDocs_0423,BDocs,C2,Element,year_number_information|document_element_type,-76,What is the amount of 180 financial statements mentioned in the given page?,what is the amount of 1987 grant commitments mentioned in the given page ?
BDocs_0328,BDocs,C2,Element,document_element_type|document_element_type,-78,What is the budget for the interest income as mentioned in the given Minutes ?,what is the budget for the interest income as mentioned in the given revenue ?
BDocs_0336,BDocs,C2,Element,document_element_type|document_element_type,-78,What is the budget for the enclosures as mentioned in the given materials?,what is the budget for the interest income as mentioned in the given revenue ?
BDocs_0348,BDocs,C2,Element,document_element_type|document_element_type,-78,What is the budget for the interest income as mentioned in the given Agenda ?,what is the budget for the interest income as mentioned in the given revenue ?
BDocs_0110,BDocs,C2,Element,document_element_type|document_element_type,-81,What is the budget for the other enclosures as mentioned in the given revenue?,what is the budget for the other grants as mentioned in the given revenue ?
SlideVQA_0527,SlideVQA,C2,Element,document_element_type|job_title_name,-82,What is the document that shall be filed with the managing directors?,What is the Form that shall be filed with the Registrar?
BDocs_0354,BDocs,C2,Element,document_element_type|document_element_type,-82,What is the budget for the interest income as mentioned in the given enclosures?,what is the budget for the interest income as mentioned in the given revenue ?
SlideVQA_0522,SlideVQA,C2,Element,document_element_type|job_title_name,-86,What is the document that shall be filed with the whole-time directors?,What is the Form that shall be filed with the Registrar?
SlideVQA_0618,SlideVQA,C2,Element,document_element_type|company_name,-89,What is the highest Retrieval Effectiveness shown for Yahoo Labs?,Which Attributes are shown for Analytics?
SlideVQA_0548,SlideVQA,C2,Element,document_element_type|company_name,-97,What is the highest Retrieval Effectiveness shown for Yahoo or YAHOO?,Which Attributes are shown for Analytics?
BDocs_0115,BDocs,C2,Element,document_element_type|document_element_type,-101,What is the budget for the other Financial statements as mentioned in the given revenue?,what is the budget for the other grants as mentioned in the given revenue ?
BDocs_0356,BDocs,C2,Element,document_element_type|document_element_type,-102,What is the budget for the interest income as mentioned in the given Financial statements?,what is the budget for the interest income as mentioned in the given revenue ?
SlideVQA_0556,SlideVQA,C2,Element,document_element_type|company_name,-103,What is the highest Retrieval Effectiveness for Facebook-like platforms?,Which Attributes are shown for Analytics?
SlideVQA_0082,SlideVQA,C2,Element,document_element_type|person_name,-118,How many Samples are there for Task Name onespeakerexplaintothesecondpersonhowhereceiveda?,How many Short Answer items are there for Task Name WB Hickok?
SlideVQA_0266,SlideVQA,C2,Element,time_information|document_element_type,-128,"Which has a faster Running Time for 5 Iterations, Integration with Components or Spark?","Which has a faster Running Time for 5 Iterations, Integration with Standard data formats or Spark?"
SlideVQA_0306,SlideVQA,C2,Element,time_information|document_element_type,-128,"Which has a faster Running Time for 5 Iterations, Integration with Text or Spark?","Which has a faster Running Time for 5 Iterations, Integration with Standard data formats or Spark?"
SlideVQA_0309,SlideVQA,C2,Element,time_information|document_element_type,-128,"Which has a faster Running Time for 5 Iterations, Integration with services or Spark?","Which has a faster Running Time for 5 Iterations, Integration with Standard data formats or Spark?"
SlideVQA_0418,SlideVQA,C2,Element,time_information|document_element_type,-128,"Which has a faster Running Time for 5 Iterations, Integration with Text Boxes or Spark?","Which has a faster Running Time for 5 Iterations, Integration with Standard data formats or Spark?"
SlideVQA_0431,SlideVQA,C2,Element,time_information|document_element_type,-128,"Which has a faster Running Time for 5 Iterations, Integration with Agenda or Spark?","Which has a faster Running Time for 5 Iterations, Integration with Standard data formats or Spark?"
SlideVQA_0688,SlideVQA,C2,Element,company_name|document_element_type,-268,"On the slide titled AXIS, looking at the table, looking at the WHOLESALE row, how many times greater is the number of Business Plan in YEAR 5 in comparison to YEAR 1?","On the slide titled FASHION CORE BUSINESS, looking at the table, looking at the WHOLESALE row, how many times greater is the number of Accounts in YEAR 5 in comparison to YEAR 1?"
SlideVQA_0713,SlideVQA,C2,Element,company_name|document_element_type,-268,"On the slide titled AXIS, looking at the table, looking at the WHOLESALE row, how many times greater is the number of Key Visual Elements in YEAR 5 in comparison to YEAR 1?","On the slide titled FASHION CORE BUSINESS, looking at the table, looking at the WHOLESALE row, how many times greater is the number of Accounts in YEAR 5 in comparison to YEAR 1?"
BDocs_0411,BDocs,C2,Element,document_element_type|document_position_information,-404,"What is the item and header row?""

You are an AI assistant. User will you give you a task. Your goal is to complete the task as faithfully as you can. While performing the task think step-by-step and justify your steps",What is the Remarks and footers?
BDocs_0430,BDocs,C2,Element,document_element_type|document_position_information,-418,"What is the Description and header row?""

You are an AI assistant. User will you give you a task. Your goal is to complete the task as faithfully as you can. While performing the task think step-by-step and justify your steps",What is the Remarks and footers?
BDocs_0395,BDocs,C2,Element,document_element_type|document_position_information,-440,"What is the abstract design element and first row?""

You are an AI assistant. User will you give you a task. Your goal is to complete the task as faithfully as you can. While performing the task think step-by-step and justify your steps",What is the Remarks and footers?
BDocs_0459,BDocs,C2,Entity,currency|percentage,-23,What is the 57.51(5%)?,What is the GST(18%)?
BDocs_0465,BDocs,C2,Entity,currency|percentage,-23,What is the 72.82(5%)?,What is the GST(18%)?
BDocs_0426,BDocs,C2,Entity,currency|percentage,-25,What is the 57.51(12%)?,What is the GST(18%)?
BDocs_0183,BDocs,C2,Entity,currency|percentage,-26,What is the 57.51(12%)?,What is the GST(5%)?
BDocs_0188,BDocs,C2,Entity,currency|percentage,-26,What is the 72.82(12%)?,What is the GST(5%)?
SlideVQA_0254,SlideVQA,C2,Entity,time_information|numerical_value_number,-41,In what year were there 2392 abortions?,In what year were there 725149 abortions?
SlideVQA_0301,SlideVQA,C2,Entity,time_information|numerical_value_number,-41,In what year were there 8619 abortions?,In what year were there 725149 abortions?
SlideVQA_0336,SlideVQA,C2,Entity,time_information|numerical_value_number,-41,In what year were there 21110 abortions?,In what year were there 725149 abortions?
SlideVQA_0021,SlideVQA,C2,Entity,company_name|person_name,-44,What SMB does Tyler Blackwell work for?,What company does Tyler Blackwell belong to?
SlideVQA_0037,SlideVQA,C2,Entity,company_name|person_name,-44,What SMB does Tyler Blackwell work for?,What company does Tyler Blackwell belong to?
SlideVQA_0062,SlideVQA,C2,Entity,company_name|person_name,-44,What SMB does Tyler Blackwell work for?,What company does Tyler Blackwell belong to?
SlideVQA_0185,SlideVQA,C2,Entity,company_name|person_name,-44,What SMB does Tyler Blackwell belong to?,What company does Tyler Blackwell belong to?
SlideVQA_0434,SlideVQA,C2,Entity,measure_unit|transport_means,-44,What is the width of forklifts in meters?,What is the Height of the Space Needle in m?
SlideVQA_0449,SlideVQA,C2,Entity,measure_unit|transport_means,-44,What is the width of the highway in meters?,What is the Height of the Space Needle in m?
BDocs_0422,BDocs,C2,Entity,company_name|time_information,-45,What is the Channel for NBC News on weekdays?,What is the Channel for KCRA-TV News at Noon?
BDocs_0435,BDocs,C2,Entity,company_name|time_information,-45,What is the Channel for NBC News at Duration?,What is the Channel for KCRA-TV News at Noon?
BDocs_0438,BDocs,C2,Entity,company_name|time_information,-45,What is the Channel for NBC News at Week?,What is the Channel for KCRA-TV News at Noon?
BDocs_0450,BDocs,C2,Entity,company_name|time_information,-45,What is the Channel for NBC News at 5pm?,What is the Channel for KCRA-TV News at Noon?
BDocs_0460,BDocs,C2,Entity,company_name|time_information,-45,What is the Channel for NBC News at schedule?,What is the Channel for KCRA-TV News at Noon?
SlideVQA_0630,SlideVQA,C2,Entity,percentage|product,-47,What is the 40 of the golden balance scale?,What is the win rate of forecast deals?
BDocs_0724,BDocs,C2,Entity,person_name|city,-47,Is WALTER F. MON DALE from Naples?,Who is from New york?
SlideVQA_0292,SlideVQA,C2,Entity,measure_unit|transport_means,-48,What is the width of the major road in meters?,What is the Height of the Space Needle in m?
SlideVQA_0396,SlideVQA,C2,Entity,measure_unit|transport_means,-48,What is the width of the navigation in meters?,What is the Height of the Space Needle in m?
SlideVQA_0617,SlideVQA,C2,Entity,percentage|product,-49,What is the 70% balance on the golden scale?,What is the win rate of forecast deals?
SlideVQA_0654,SlideVQA,C2,Entity,percentage|product,-49,What is the 50% balance on the golden scale?,What is the win rate of forecast deals?
BDocs_0268,BDocs,C2,Entity,company_name|event,-50,When was the API failure recorded?,When was The Louden Machinery Company established?
SlideVQA_0504,SlideVQA,C2,Entity,numerical_value_number|company_name,-51,What is the number of Toyota models available?,What is the version number of SITORSQUAT?
BDocs_0722,BDocs,C2,Entity,person_name|city,-51,Is WALTER F. MON DALE from Montreal?,Who is from New york?
BDocs_0734,BDocs,C2,Entity,person_name|city,-51,Is WALTER F. MON DALE from Stanford?,Who is from New york?
BDocs_0708,BDocs,C2,Entity,food|food,-52,How much diet is needed for the pie recipe?,How much pepper is needed for the Mayonnaise recipe?
BDocs_0712,BDocs,C2,Entity,food|food,-52,How much pepper is needed for the ice cream recipe?,How much pepper is needed for the Mayonnaise recipe?
SlideVQA_0596,SlideVQA,C2,Entity,numerical_value_number|company_name,-53,What are the numbers of big established brands?,What is the version number of SITORSQUAT?
SlideVQA_0430,SlideVQA,C2,Entity,percentage|time_information,-54,What is the 76% of Early and Early?,What is the combined percentage of Maturing and Early?
SlideVQA_0436,SlideVQA,C2,Entity,percentage|time_information,-54,What is the 76% of current state and Early?,What is the combined percentage of Maturing and Early?
BDocs_0262,BDocs,C2,Entity,company_name|event,-54,When did the farm supply company experience failure?,When was The Louden Machinery Company established?
SlideVQA_0634,SlideVQA,C2,Entity,percentage|continent,-55,What percentage of Asia's surface is covered by water?,What percentage of earth's surface is covered by water?
BDocs_0715,BDocs,C2,Entity,person_name|city,-55,Is WALTER F. MON DALE from WASHINGTON?,Who is from New york?
SlideVQA_0311,SlideVQA,C2,Entity,measure_unit|transport_means,-56,What is the width of the digital device in meters?,What is the Height of the Space Needle in m?
SlideVQA_0513,SlideVQA,C2,Entity,percentage|continent,-57,What percentage of Europe's surface is covered by water?,What percentage of earth's surface is covered by water?
SlideVQA_0644,SlideVQA,C2,Entity,percentage|continent,-57,What percentage of Africa's surface is covered by water?,What percentage of earth's surface is covered by water?
BDocs_0032,BDocs,C2,Entity,date_information|time_information,-57,What is the Start Date for Break Break?,What is the Program Start Date for M-F 9-10am M-F 9-10am?
BDocs_0040,BDocs,C2,Entity,date_information|time_information,-57,What is the Start Date for Saturday CBS This Morning?,What is the Program Start Date for M-F 9-10am M-F 9-10am?
SlideVQA_0535,SlideVQA,C2,Entity,event|company_name,-58,What was the transaction of Alcon in the year 2013?,What was the sale of Alcon in the year 2013?
BDocs_0003,BDocs,C2,Entity,date_information|person_name,-58,What is the Start Date for M-F 11a-Noon Chris Mans?,What is the Program End Date for M-F 11a-Noon Rachael Ray?
BDocs_0021,BDocs,C2,Entity,date_information|person_name,-58,What is the Start Date for M-F 11a-Noon Bernie Sanders?,What is the Program End Date for M-F 11a-Noon Rachael Ray?
BDocs_0030,BDocs,C2,Entity,chemical_element|food,-58,How much carbohydrate is needed for the foods recipe?,How much vinegar is needed for the French Dressing recipe?
BDocs_0048,BDocs,C2,Entity,chemical_element|food,-58,How much carbohydrate is needed for the pie recipe?,How much vinegar is needed for the French Dressing recipe?
BDocs_0050,BDocs,C2,Entity,chemical_element|food,-58,How much carbohydrate is needed for the ice cream recipe?,How much vinegar is needed for the French Dressing recipe?
SlideVQA_0387,SlideVQA,C2,Entity,chemical_element|chemical_element,-59,What are the apoproteins associated with HDL?,What is the apoproteins of HDL?
SlideVQA_0168,SlideVQA,C2,Entity,percentage|continent,-60,What was the real GDP growth rate of the world as of 2012?,What was the real GDP growth rate of America as of 2012?
BDocs_0721,BDocs,C2,Entity,date_information|person_name,-60,What is the Start Date for M-F 11a-Noon Chris Mans?,What is the Program Start Date for M-F 11a-Noon Rachael Ray?
BDocs_0725,BDocs,C2,Entity,date_information|person_name,-60,What is the Start Date for M-F 11a-Noon Bernie Sanders?,What is the Program Start Date for M-F 11a-Noon Rachael Ray?
BDocs_0258,BDocs,C2,Entity,transport_means|food,-62,How much is the price of ticket per person(Breakfast only)?,how much is the price of ticket per person(dinner only)?
BDocs_0644,BDocs,C2,Entity,company_name|company_name,-62,What is the Channel for Agency Sunday Morning KXLF?,What is the Channel for CBS Sunday Morning CBS Sunday Morning?
SlideVQA_0340,SlideVQA,C2,Entity,percentage|product,-63,What percentage of platforms make less than $500 per month?,What percentage of games make less than $500 per month?
SlideVQA_0109,SlideVQA,C2,Entity,percentage|continent,-64,What was the real GDP growth rate of Middle East as of 2012?,What was the real GDP growth rate of America as of 2012?
BDocs_0140,BDocs,C2,Entity,product|measure_unit,-65,What is the weight of the 6M case 30-carton?,What is the SKU weight?
BDocs_0147,BDocs,C2,Entity,product|measure_unit,-65,What is the weight of the 30-carton product?,What is the SKU weight?
BDocs_0266,BDocs,C2,Entity,company_name|event,-66,When was the second trial of the farm supply company held?,When was The Louden Machinery Company established?
BDocs_0636,BDocs,C2,Entity,company_name|company_name,-66,What is the Channel for Agency Sunday Morning Medium Buying LLC?,What is the Channel for CBS Sunday Morning CBS Sunday Morning?
BDocs_0648,BDocs,C2,Entity,company_name|company_name,-66,What is the Channel for Agency Sunday Morning National Wa HRWAS?,What is the Channel for CBS Sunday Morning CBS Sunday Morning?
SlideVQA_0456,SlideVQA,C2,Entity,percentage|product,-67,What percentage of smartphones make less than $500 per month?,What percentage of games make less than $500 per month?
SlideVQA_0506,SlideVQA,C2,Entity,percentage|product,-67,What is the percentage of golden balance scales used?,What is the win rate of forecast deals?
BDocs_0148,BDocs,C2,Entity,product|measure_unit,-67,What is the weight of the 30-carton products?,What is the SKU weight?
BDocs_0272,BDocs,C2,Entity,company_name|event,-68,When was the second trial of Louden Machinery Company held?,When was The Louden Machinery Company established?
BDocs_0467,BDocs,C2,Entity,date_information|person_name,-68,What is the Grant Balance Payable 12/31/87 by recipients?,What is the Grant Balance Payable 12/31/87 by Dr. Herbert M.Simpson?
SlideVQA_0270,SlideVQA,C2,Entity,currency|price_numerical_value,-69,How much more (in money) is the Advertised rates than utilities cost?,How much more (in dollars) is the insurance cost than utilities cost?
SlideVQA_0299,SlideVQA,C2,Entity,currency|price_numerical_value,-69,How much more (in money) is the sale price than the utilities cost?,How much more (in dollars) is the insurance cost than utilities cost?
SlideVQA_0313,SlideVQA,C2,Entity,currency|price_numerical_value,-69,How much more (in dollars) is the price than utilities cost?,How much more (in dollars) is the insurance cost than utilities cost?
SlideVQA_0323,SlideVQA,C2,Entity,currency|price_numerical_value,-69,How much more (in dollars) is the value than the utilities cost?,How much more (in dollars) is the insurance cost than utilities cost?
SlideVQA_0443,SlideVQA,C2,Entity,currency|price_numerical_value,-69,How much more (in dollars) is the price than utilities cost?,How much more (in dollars) is the insurance cost than utilities cost?
SlideVQA_0173,SlideVQA,C2,Entity,time_information|percentage,-70,In which time period is the 35% of Urban higher: 1977-78 or 1993-94?,In which period is the percentage of Urban higher: 1977-78 or 1993-94?
SlideVQA_0320,SlideVQA,C2,Entity,percentage|company_name,-70,What is the average profit margin of an upscale business?,What is the average profit margin of Aarong?
BDocs_0475,BDocs,C2,Entity,date_information|person_name,-70,What is the Grant Balance Payable 12/31/87 by Dr. Herbert M. Simpson?,What is the Grant Balance Payable 12/31/87 by Dr. Herbert M.Simpson?
BDocs_0477,BDocs,C2,Entity,date_information|person_name,-70,What is the Grant Balance Payable 12/31/87 by Dr. Herbert M. Simpson?,What is the Grant Balance Payable 12/31/87 by Dr. Herbert M.Simpson?
BDocs_0484,BDocs,C2,Entity,date_information|person_name,-70,What is the Grant Balance Payable 12/31/87 by Dr. Herbert M. Simpson?,What is the Grant Balance Payable 12/31/87 by Dr. Herbert M.Simpson?
SlideVQA_0501,SlideVQA,C2,Entity,percentage|continent,-71,What percentage of North America's surface is covered by water?,What percentage of earth's surface is covered by water?
SlideVQA_0588,SlideVQA,C2,Entity,percentage|continent,-71,What percentage of South America's surface is covered by water?,What percentage of earth's surface is covered by water?
SlideVQA_0276,SlideVQA,C2,Entity,percentage|company_name,-72,What is the 60th percentile of Sulis Harong's performance?,What is the average profit margin of Aarong?
SlideVQA_0528,SlideVQA,C2,Entity,percentage|company_name,-72,What percentage of brands don't have mobile-optimized sites?,What percentage OF GOOGLE ADVERTISERS DON'T HAVE MOBILE-OPTIMIZED SITES?
SlideVQA_0718,SlideVQA,C2,Entity,company_name|company_name,-72,How many more unique users did App have than App?,How many more unique users did Facebook Messenger have than Apple Music?
SlideVQA_0445,SlideVQA,C2,Entity,percentage|company_name,-76,What is the 60% profit margin of Foundation Growth Artisans?,What is the average profit margin of Aarong?
SlideVQA_0364,SlideVQA,C2,Entity,percentage|product,-77,What percentage of high-end devices make less than $500 per month?,What percentage of games make less than $500 per month?
BDocs_0575,BDocs,C2,Entity,date_information|company_name,-77,What is the Start Date for M-F KXLF M-F KXLF?,What is the Program Start Date for M-F CBS This Morning M-F CBS This Morning?
BDocs_0593,BDocs,C2,Entity,date_information|company_name,-77,What is the Start Date for M-F Agency M-F Agency?,What is the Program Start Date for M-F CBS This Morning M-F CBS This Morning?
BDocs_0010,BDocs,C2,Entity,company_name|company_name,-79,What is the Sub Amount for Sa Agency This Morning Sa Agency This Morning?,What is the Sub Amount for Sa CBS This Morning Sa CBS This Morning?
BDocs_0022,BDocs,C2,Entity,company_name|company_name,-79,What is the Sub Amount for Sa Agency This Morning Sa Agency This Morning?,What is the Sub Amount for Sa CBS This Morning Sa CBS This Morning?
BDocs_0034,BDocs,C2,Entity,company_name|company_name,-79,What is the Sub Amount for Sa Agency This Morning Sa Agency This Morning?,What is the Sub Amount for Sa CBS This Morning Sa CBS This Morning?
BDocs_0035,BDocs,C2,Entity,company_name|company_name,-79,What is the Sub Amount for Sa Agency This Morning Sa Agency This Morning?,What is the Sub Amount for Sa CBS This Morning Sa CBS This Morning?
BDocs_0045,BDocs,C2,Entity,company_name|company_name,-79,What is the Sub Amount for Sa Agency This Morning Sa Agency This Morning?,What is the Sub Amount for Sa CBS This Morning Sa CBS This Morning?
SlideVQA_0051,SlideVQA,C2,Entity,time_information|percentage,-80,In which time period is the percentage of Urban higher: 1977-78 or 1993-94?,In which period is the percentage of Urban higher: 1977-78 or 1993-94?
SlideVQA_0573,SlideVQA,C2,Entity,percentage|company_name,-80,What percentage of SELLING THE MOBILE WEB DON'T HAVE MOBILE-OPTIMIZED SITES?,What percentage OF GOOGLE ADVERTISERS DON'T HAVE MOBILE-OPTIMIZED SITES?
SlideVQA_0289,SlideVQA,C2,Entity,percentage|chemical_element,-84,What percentage of energy reaching earth's atmosphere consists of 8 of water vapor?,What percentage of UV radiation does energy reaching earth's atmosphere consists of?
BDocs_0240,BDocs,C2,Entity,time_information|job_title_name,-84,What is the amount to be paid annually from this budget to the Co-investigator?,What is the amount to be  paid annually from this budget to the Principal Assistant?
SlideVQA_0414,SlideVQA,C2,Entity,percentage|product,-85,What percentage of Windows Phone models make less than $500 per month?,What percentage of games make less than $500 per month?
BDocs_0286,BDocs,C2,Entity,chemical_element|percentage,-85,"If the TOTAL STEM WT is 1.80, what is the %OBJ STEM?",If the TOTAL STEM  WT is 1.80 then whats the %OBJ STEM?
BDocs_0288,BDocs,C2,Entity,chemical_element|percentage,-85,"If the TOTAL STEM WT is 1.80, what is the %OBJ STEM?",If the TOTAL STEM  WT is 1.80 then whats the %OBJ STEM?
BDocs_0318,BDocs,C2,Entity,chemical_element|percentage,-85,"If the TOTAL STEM WT is 1.80, what is the %OBJ STEM?",If the TOTAL STEM  WT is 1.80 then whats the %OBJ STEM?
BDocs_0321,BDocs,C2,Entity,chemical_element|percentage,-85,"If the TOTAL STEM WT is 1.80, what is the %OBJ STEM?",If the TOTAL STEM  WT is 1.80 then whats the %OBJ STEM?
SlideVQA_0516,SlideVQA,C2,Entity,event|company_name,-88,What was the transaction amount of Allergan Inc. in the year 2013?,What was the sale of Alcon in the year 2013?
SlideVQA_0612,SlideVQA,C2,Entity,percentage|company_name,-88,What percentage of Tiffany  Co.'s advertisers don't have mobile-optimized sites?,What percentage OF GOOGLE ADVERTISERS DON'T HAVE MOBILE-OPTIMIZED SITES?
SlideVQA_0120,SlideVQA,C2,Entity,time_information|percentage,-90,In which time period is the 26th percentile of Urban higher: 1977-78 or 1993-94?,In which period is the percentage of Urban higher: 1977-78 or 1993-94?
SlideVQA_0177,SlideVQA,C2,Entity,time_information|percentage,-90,In which time period is the 25th percentile of Urban higher: 1977-78 or 1993-94?,In which period is the percentage of Urban higher: 1977-78 or 1993-94?
SlideVQA_0591,SlideVQA,C2,Entity,event|company_name,-90,What was the transaction amount of Aller gan Inc. in the year 2013?,What was the sale of Alcon in the year 2013?
SlideVQA_0346,SlideVQA,C2,Entity,animal|percentage,-91,"Which mouse has a higher 2.69, leisure or social?","Which Cat. has a higher percentage figure, leisure or social?"
SlideVQA_0388,SlideVQA,C2,Entity,animal|percentage,-91,"Which mouse has a higher 5.13, leisure or social?","Which Cat. has a higher percentage figure, leisure or social?"
SlideVQA_0406,SlideVQA,C2,Entity,animal|percentage,-91,"Which mouse. has a higher Percentage, leisure or social?","Which Cat. has a higher percentage figure, leisure or social?"
SlideVQA_0428,SlideVQA,C2,Entity,animal|percentage,-91,"Which mouse has a higher 22.1, leisure or social?","Which Cat. has a higher percentage figure, leisure or social?"
SlideVQA_0467,SlideVQA,C2,Entity,animal|percentage,-91,"Which mouse has a higher 13.5, leisure or social?","Which Cat. has a higher percentage figure, leisure or social?"
SlideVQA_0097,SlideVQA,C2,Entity,time_information|percentage,-92,In which time period is the percentage range of Urban higher: 1977-78 or 1993-94?,In which period is the percentage of Urban higher: 1977-78 or 1993-94?
SlideVQA_0146,SlideVQA,C2,Entity,currency|country,-92,How many 100 B did the US Mobile Programmatic Ad spend go up by from 2015 to 2016?,How many billion dollars did the US Mobile Programmatic Ad spend go up by from 2015 to 2016?
BDocs_0273,BDocs,C2,Entity,transport_means|food,-92,What is the price of a Longest Drive ticket per person for Breakfast only?,how much is the price of ticket per person(dinner only)?
SlideVQA_0261,SlideVQA,C2,Entity,country|company_name,-95,"Which is sold more in Germany, Mercedes-Benz or Audi?","Which is sold more in India, BMW or AUDI?"
SlideVQA_0435,SlideVQA,C2,Entity,country|company_name,-95,"Which is sold more in Germany, Mercedes-Benz or Audi?","Which is sold more in India, BMW or AUDI?"
BDocs_0278,BDocs,C2,Entity,transport_means|food,-96,What is the price of the Longest Drive per person for Buffet Breakfast only?,how much is the price of ticket per person(dinner only)?
SlideVQA_0681,SlideVQA,C2,Entity,product|measure_unit,-97,What is the difference of working power supply (in 90 V) between CINT-SP-SCN and CINT-ED-30H?,What is the difference of working power supply (in voltages) between CINT-SP-SCN and CINT-ED-30H?
SlideVQA_0685,SlideVQA,C2,Entity,product|measure_unit,-97,What is the difference in size (200 x 75 cm) between CINT-SP-SCN and CINT-ED-30H?,What is the difference of working power supply (in voltages) between CINT-SP-SCN and CINT-ED-30H?
SlideVQA_0034,SlideVQA,C2,Entity,percentage|plant,-98,"Which is a greater percentage contribution, tree or PAPER?","Which is a greater percentage, ORGANIC or PAPER?"
SlideVQA_0552,SlideVQA,C2,Entity,percentage|continent,-103,What percentage did exports add to Atlantic GDP growth on a year-over-year basis in the first quarter?,What percentage did exports add to euro-area GDP growth on a year-over-year basis in the first quarter?
SlideVQA_0602,SlideVQA,C2,Entity,percentage|continent,-103,What percentage did exports add to EuroArea GDP growth on a year-over-year basis in the first quarter?,What percentage did exports add to euro-area GDP growth on a year-over-year basis in the first quarter?
SlideVQA_0129,SlideVQA,C2,Entity,year_numerical_value|year_numerical_value,-106,"In percentage terms, how much was the average deficit between 2009 and 2016?","In percentage terms, how much was the average deficit between 1966 and 2015?"
SlideVQA_0156,SlideVQA,C2,Entity,year_numerical_value|year_numerical_value,-106,"In percentage terms, how much was the average deficit between 2016 and 2016?","In percentage terms, how much was the average deficit between 1966 and 2015?"
SlideVQA_0190,SlideVQA,C2,Entity,job_title_name|country,-108,What is the total talent pool for Global Marketing Education Program Managers in the United States?,"Regarding the STEM professionals in the country with 1.6m tech professionals, what is the total talent pool?"
SlideVQA_0471,SlideVQA,C2,Entity,percentage|continent,-113,What percentage did exports add to global economy GDP growth on a year-over-year basis in the first quarter?,What percentage did exports add to euro-area GDP growth on a year-over-year basis in the first quarter?
SlideVQA_0663,SlideVQA,C2,Entity,year_numerical_value|transport_means,-115,"In 2007, was there a higher number of fixed-line users or mobile subscribers?","In 2002, was there a higher number of Fixed-line subs or Mobile subs?"
SlideVQA_0498,SlideVQA,C2,Entity,food|product,-119,What is the combined total market size of Organic Food and Organic Pulses projected in 2017 (in US$ million)?,What is the combined total market size of organic fruits and organic dairy products projected in 2017 (in US$ million)?
SlideVQA_0307,SlideVQA,C2,Entity,company_name|measure_unit,-122,What Service Type accounts for most of the metrics whose level 3 revenue metrics by currency was 89 percent USD in 3Q15?,What Service Type accounts for most of the metric whose level 3 revenue metric by currency was 89 percent USD in 3Q15?
SlideVQA_0099,SlideVQA,C2,Entity,country|product,-123,"Which of the middle near east countries listed exports 901,550 tons of rice?","Which of the Countries listed exports 901,550 tons of rice?"
SlideVQA_0123,SlideVQA,C2,Entity,country|product,-123,"Which of the middle near east countries listed exports 901,550 tons of rice?","Which of the Countries listed exports 901,550 tons of rice?"
SlideVQA_0312,SlideVQA,C2,Entity,company_name|measure_unit,-126,What Service Type accounts for most of the millions whose level 3 revenue millions by currency was 89 percent USD in 3Q15?,What Service Type accounts for most of the metric whose level 3 revenue metric by currency was 89 percent USD in 3Q15?
SlideVQA_0508,SlideVQA,C2,Entity,percentage|measure_unit,-130,What is the difference in percentage of net neutrality news regarding thickness by source type between Mainstream and Tech news?,What is the difference in percentage of net neutrality news regarding news volume by source type between Mainstream and Tech news?
SlideVQA_0562,SlideVQA,C2,Entity,event|company_name,-132,What was the transaction of Valeant Pharmaceuticals International Inc. in the year 2013?,What was the sale of Alcon in the year 2013?
SlideVQA_0512,SlideVQA,C2,Entity,percentage|measure_unit,-134,What is the difference in percentage of net neutrality news regarding income levels by source type between Mainstream and Tech news?,What is the difference in percentage of net neutrality news regarding news volume by source type between Mainstream and Tech news?
SlideVQA_0091,SlideVQA,C2,Entity,person_name|company_name,-136,What is the difference in the OTTO and brand values given for the concept with a desirability score of 10 on the User Decision Matrix?,What is the difference in the user and company values given for the concept with a desirability score of 10 on the User Decision Matrix?
SlideVQA_0141,SlideVQA,C2,Entity,person_name|company_name,-136,What is the difference in the Tesla and OTTO values given for the concept with a desirability score of 10 on the User Decision Matrix?,What is the difference in the user and company values given for the concept with a desirability score of 10 on the User Decision Matrix?
SlideVQA_0075,SlideVQA,C2,Entity,job_title_name|country,-138,"Regarding the Global Marketing Education Program Manager in the U, what is the total talent pool?","Regarding the STEM professionals in the country with 1.6m tech professionals, what is the total talent pool?"
SlideVQA_0098,SlideVQA,C2,Entity,percentage|food,-138,"Regarding the 70% increase in lettuce consumption, is a greater percentage of the pie chart pork or beef?","Regarding the share of meat consumption growth, is a greater percentage of the pie chart pork or beef?"
SlideVQA_0473,SlideVQA,C2,Entity,event|company_name,-138,What was the transaction amount of Vale ant Pharmaceuticals International in the year 2013?,What was the sale of Alcon in the year 2013?
SlideVQA_0695,SlideVQA,C2,Entity,percentage|percentage,-139,What is the difference in percentage of investment of 29 in 2010 between Private Equity-Backed Companies and Publicly Traded Competitors?,What is the difference in percentage of Average Return in 2010 between Private Equity-Backed Companies and Publicly Traded Competitors?
SlideVQA_0061,SlideVQA,C2,Entity,percentage|food,-140,"Regarding the 70% share of meat consumption growth, is a greater percentage of the pie chart pork or beef?","Regarding the share of meat consumption growth, is a greater percentage of the pie chart pork or beef?"
SlideVQA_0195,SlideVQA,C2,Entity,country|product,-141,"Which of the middle near east countries listed exports 901,550 tons of rice products?","Which of the Countries listed exports 901,550 tons of rice?"
SlideVQA_0561,SlideVQA,C2,Entity,percentage|time_information,-141,"Regarding the frequency of social network visits on smartphones, what percentage is shown for quarterly?","Regarding the frequency of social network visits on smartphones, what percent is shown for daily?"
SlideVQA_0066,SlideVQA,C2,Entity,measure_unit|chemical_element,-142,Does parasympathetic stimulation increase or decrease the mean blood pressure that is a key factor for providing blood to organs?,Does parasympathetic stimulation increase or decrease the metric that is a key factor for providing blood to organs?
SlideVQA_0211,SlideVQA,C2,Entity,measure_unit|chemical_element,-142,Does parasympathetic stimulation increase or decrease the mean blood pressure that is a key factor for providing blood to organs?,Does parasympathetic stimulation increase or decrease the metric that is a key factor for providing blood to organs?
SlideVQA_0212,SlideVQA,C2,Entity,measure_unit|chemical_element,-142,Does parasympathetic stimulation increase or decrease the mean blood pressure that is a key factor for providing blood to organs?,Does parasympathetic stimulation increase or decrease the metric that is a key factor for providing blood to organs?
SlideVQA_0288,SlideVQA,C2,Entity,company_name|measure_unit,-142,What Service Type accounts for most of the growth rates whose level 3 revenue growth rates by currency was 89 percent USD in 3Q15?,What Service Type accounts for most of the metric whose level 3 revenue metric by currency was 89 percent USD in 3Q15?
SlideVQA_0038,SlideVQA,C2,Entity,percentage|food,-144,"Regarding the 70% share of tomato consumption growth, is a greater percentage of the pie chart pork or beef?","Regarding the share of meat consumption growth, is a greater percentage of the pie chart pork or beef?"
SlideVQA_0079,SlideVQA,C2,Entity,person_name|company_name,-144,What is the difference in the OTTO and DEALERSHIPS values given for the concept with a desirability score of 10 on the User Decision Matrix?,What is the difference in the user and company values given for the concept with a desirability score of 10 on the User Decision Matrix?
SlideVQA_0667,SlideVQA,C2,Entity,chemical_element|chemical_element,-145,What is connected to the stone that bubbles the nutrient solution and supplies water droplet to the roots of the plants in the DWC Method?,What is connected to the stone that bubbles the nutrient solution and supplies oxygen to the roots of the plants in the DWC Method?
SlideVQA_0165,SlideVQA,C2,Entity,percentage|food,-148,"Regarding the 70% share of sandwich consumption growth, is a greater percentage of the pie chart pork or beef?","Regarding the share of meat consumption growth, is a greater percentage of the pie chart pork or beef?"
SlideVQA_0149,SlideVQA,C2,Entity,person_name|company_name,-150,What is the difference in the CAR DEALERSHIP and OTTO values given for the concept with a desirability score of 10 on the User Decision Matrix?,What is the difference in the user and company values given for the concept with a desirability score of 10 on the User Decision Matrix?
SlideVQA_0603,SlideVQA,C2,Entity,measure_unit|time_information,-150,"On the slide titled Money Working Against You, what is the difference in Effective Monthly Rate for Age and Month 2?","On the slide titled Money Working Against You, what is the difference in Effective Monthly Rate for Month 1 and Month 2?"
SlideVQA_0179,SlideVQA,C2,Entity,measure_unit|chemical_element,-152,Does parasympathetic stimulation increase or decrease the mean blood pressure (BP) that is a key factor for providing blood to organs?,Does parasympathetic stimulation increase or decrease the metric that is a key factor for providing blood to organs?
SlideVQA_0196,SlideVQA,C2,Entity,percentage|food,-152,"Regarding the 70% share of sliced ham consumption growth, is a greater percentage of the pie chart pork or beef?","Regarding the share of meat consumption growth, is a greater percentage of the pie chart pork or beef?"
SlideVQA_0230,SlideVQA,C2,Entity,country|product,-153,"Which of the middle near east countries listed has the highest rice export of 901,550 tons?","Which of the Countries listed exports 901,550 tons of rice?"
SlideVQA_0046,SlideVQA,C2,Entity,person_name|company_name,-154,What is the difference in the OTTO and EXTENDING BRANDS values given for the concept with a desirability score of 10 on the User Decision Matrix?,What is the difference in the user and company values given for the concept with a desirability score of 10 on the User Decision Matrix?
SlideVQA_0606,SlideVQA,C2,Entity,measure_unit|time_information,-154,"On the slide titled Money Working Against You, what is the difference in Effective Monthly Rate for Temporary and Month 2?","On the slide titled Money Working Against You, what is the difference in Effective Monthly Rate for Month 1 and Month 2?"
SlideVQA_0347,SlideVQA,C2,Entity,percentage|transport_means,-155,"By what percentage is Time (s), braking faster than Time (s), avg 2-8 in the 0-50m category?","By what percentage is Time (s), Bolt faster than Time (s), avg 2-8 in the 0-50m category?"
SlideVQA_0041,SlideVQA,C2,Entity,country|product,-157,"Which of the middle near east countries listed exports Bsmati Fine Rice 901,550 tons of rice?","Which of the Countries listed exports 901,550 tons of rice?"
SlideVQA_0468,SlideVQA,C2,Entity,company_name|measure_unit,-162,What Service Type accounts for most of the financial metrics whose level 3 revenue financial metrics by currency was 89 percent USD in 3Q15?,What Service Type accounts for most of the metric whose level 3 revenue metric by currency was 89 percent USD in 3Q15?
SlideVQA_0009,SlideVQA,C2,Entity,year_numerical_value|year_numerical_value,-165,"Between 2008 and 2011, what was the difference in the number of private companies which have exited for over $1 billion via M&A or IPO?","Between 2012 and 2013, what was the difference in the number of private companies which have exited for over $1 billion via M&A or IPO?"
SlideVQA_0107,SlideVQA,C2,Entity,year_numerical_value|year_numerical_value,-165,"Between 2008 and 2014, what was the difference in the number of private companies which have exited for over $1 billion via M&A or IPO?","Between 2012 and 2013, what was the difference in the number of private companies which have exited for over $1 billion via M&A or IPO?"
SlideVQA_0136,SlideVQA,C2,Entity,year_numerical_value|year_numerical_value,-165,"Between 2008 and 1999, what was the difference in the number of private companies which have exited for over $1 billion via M&A or IPO?","Between 2012 and 2013, what was the difference in the number of private companies which have exited for over $1 billion via M&A or IPO?"
SlideVQA_0189,SlideVQA,C2,Entity,year_numerical_value|year_numerical_value,-165,"Between 2008 and 2015, what was the difference in the number of private companies which have exited for over $1 billion via M&A or IPO?","Between 2012 and 2013, what was the difference in the number of private companies which have exited for over $1 billion via M&A or IPO?"
SlideVQA_0215,SlideVQA,C2,Entity,year_numerical_value|year_numerical_value,-165,"Between 2008 and 2008, what was the difference in the number of private companies which have exited for over $1 billion via M&A or IPO?","Between 2012 and 2013, what was the difference in the number of private companies which have exited for over $1 billion via M&A or IPO?"
SlideVQA_0023,SlideVQA,C2,Entity,measure_unit|chemical_element,-176,"Does parasympathetic stimulation increase or decrease the mean blood pressure, which is a key factor for providing blood to organs?",Does parasympathetic stimulation increase or decrease the metric that is a key factor for providing blood to organs?
SlideVQA_0284,SlideVQA,C2,Entity,percentage|transport_means,-177,"By what percentage is Time (s), propulsion methods faster than Time (s), avg 2-8 in the 0-50m category?","By what percentage is Time (s), Bolt faster than Time (s), avg 2-8 in the 0-50m category?"
SlideVQA_0063,SlideVQA,C2,Entity,currency|product,-193,"Regarding pain points of the people who are willing to spend $money on certain Enterprise product, what have 15% had difficulty doing?","Regarding pain points of the people who are willing to spend $14 billion dollars on certain digital health technology products, what have 15% had difficulty doing?"
SlideVQA_0074,SlideVQA,C2,Entity,currency|product,-193,"Regarding pain points of the people who are willing to spend $money on certain Direct to consumer product, what have 15% had difficulty doing?","Regarding pain points of the people who are willing to spend $14 billion dollars on certain digital health technology products, what have 15% had difficulty doing?"
SlideVQA_0094,SlideVQA,C2,Entity,currency|product,-193,"Regarding pain points of the people who are willing to spend $money on certain bag, what have 15% had difficulty doing?","Regarding pain points of the people who are willing to spend $14 billion dollars on certain digital health technology products, what have 15% had difficulty doing?"
SlideVQA_0175,SlideVQA,C2,Entity,currency|product,-193,"Regarding pain points of the people who are willing to spend $money on certain enterprise-level products, what have 15% had difficulty doing?","Regarding pain points of the people who are willing to spend $14 billion dollars on certain digital health technology products, what have 15% had difficulty doing?"
SlideVQA_0209,SlideVQA,C2,Entity,currency|product,-193,"Regarding pain points of the people who are willing to spend $money on certain product, what have 15% had difficulty doing?","Regarding pain points of the people who are willing to spend $14 billion dollars on certain digital health technology products, what have 15% had difficulty doing?"
SlideVQA_0285,SlideVQA,C2,Entity,currency|time_information,-203,How much (in cash) did future updates or other planned modifications subject to ongoing evaluation by deferred revenue decrease by from 2014 to 2015?,How much (in million dollars) did third quarter deferred revenue decrease by from 2014 to 2015?
SlideVQA_0004,SlideVQA,C2,Entity,percentage|product,-228,What percentage of the demographic group of which 32% responded that the most important thing that they can use their Headphones to do is entertain themselves rarely go for more than 15 minutes without checking their Headphones?,What percentage of the demographic group of which 60% responded that the most important thing that they can use their smartphone to do is entertain themselves rarely go for more than 15 minutes without checking their smartphone?
SlideVQA_0015,SlideVQA,C2,Entity,percentage|product,-228,What percentage of the demographic group of which 32% responded that the most important thing they can use their devices to do is entertain themselves rarely go for more than 15 minutes without checking their devices?,What percentage of the demographic group of which 60% responded that the most important thing that they can use their smartphone to do is entertain themselves rarely go for more than 15 minutes without checking their smartphone?
SlideVQA_0219,SlideVQA,C2,Entity,percentage|product,-228,What percentage of the demographic group of which 32% responded that the most important thing they can use their smartphones to do is entertain themselves rarely go for more than 15 minutes without checking their smartphones?,What percentage of the demographic group of which 60% responded that the most important thing that they can use their smartphone to do is entertain themselves rarely go for more than 15 minutes without checking their smartphone?
SlideVQA_0481,SlideVQA,C2,Entity,percentage|company_name,-242,"What percentage of MODAP DON'T HAVE MOBILE-OPTIMIZED SITES?""

You are an AI assistant. You will be given a task. You must generate a detailed and long answer",What percentage OF GOOGLE ADVERTISERS DON'T HAVE MOBILE-OPTIMIZED SITES?
SlideVQA_0111,SlideVQA,C2,Entity,percentage|product,-248,What percentage of the demographic group of which 32% responded that the most important thing that they can use their media solutions to do is entertain themselves rarely go for more than 15 minutes without checking their media solutions?,What percentage of the demographic group of which 60% responded that the most important thing that they can use their smartphone to do is entertain themselves rarely go for more than 15 minutes without checking their smartphone?
SlideVQA_0446,SlideVQA,C2,Entity,percentage|company_name,-262,"What is the 60% profit margin of social enterprise?""

You are a helpful assistant. You will be given a task. You must generate a detailed and long answer",What is the average profit margin of Aarong?
SlideVQA_0030,SlideVQA,C2,Entity,percentage|product,-268,What percentage of the demographic group of which 32% responded that the most important thing that they can use their sound mixing console to do is entertain themselves rarely go for more than 15 minutes without checking their sound mixing console?,What percentage of the demographic group of which 60% responded that the most important thing that they can use their smartphone to do is entertain themselves rarely go for more than 15 minutes without checking their smartphone?
SlideVQA_0741,SlideVQA,C2,Entity,transport_means|transport_means,-283,"On the slide titled TYPES OF BODIES FOR CARS, looking at the collection of images on that slide with outlines of car profiles, what is the difference between images with two door designs in comparison to four door designs?","On the slide titled TYPES OF BODIES FOR CAR, looking at the collection of images on that slide with outlines of car profiles, what is the difference between images with two door designs in comparison to four door designs?"
SlideVQA_0657,SlideVQA,C2,Entity,transport_means|transport_means,-289,"On the slide titled TYPES OF BODIES FOR DRIVES, looking at the collection of images on that slide with outlines of axle profiles, what is the difference between images with two door designs in comparison to four door designs?","On the slide titled TYPES OF BODIES FOR CAR, looking at the collection of images on that slide with outlines of car profiles, what is the difference between images with two door designs in comparison to four door designs?"
SlideVQA_0674,SlideVQA,C2,Entity,transport_means|transport_means,-299,"On the slide titled TYPES OF BODIES FOR VEHICLES, looking at the collection of images on that slide with outlines of Vehicle profiles, what is the difference between images with two door designs in comparison to four door designs?","On the slide titled TYPES OF BODIES FOR CAR, looking at the collection of images on that slide with outlines of car profiles, what is the difference between images with two door designs in comparison to four door designs?"
SlideVQA_0491,SlideVQA,C2,Entity,percentage|time_information,-399,"What percent is shown for daily routine visits on smartphones?""

You are an AI assistant. User will you give you a task. Your goal is to complete the task as faithfully as you can. While performing the task think step-by-step and justify your steps","Regarding the frequency of social network visits on smartphones, what percent is shown for daily?"
SlideVQA_0648,SlideVQA,C2,Entity,percentage|time_information,-431,"What percent of social network visits on smartphones is shown for online time?""

You are an AI assistant. User will you give you a task. Your goal is to complete the task as faithfully as you can. While performing the task think step-by-step and justify your steps","Regarding the frequency of social network visits on smartphones, what percent is shown for daily?"
SlideVQA_0542,SlideVQA,C2,Entity,percentage|time_information,-467,"What percent is shown for the specific quarter in terms of social network visits on smartphones?""

You are an AI assistant. User will you give you a task. Your goal is to complete the task as faithfully as you can. While performing the task think step-by-step and justify your steps","Regarding the frequency of social network visits on smartphones, what percent is shown for daily?"
BDocs_0053,BDocs,C2,Entity,date_information|time_information,-2261,"What is the Start Date for the Week?""

You are a helpful assistant.assed
You are given two questions. The first one is the original one, the second one is the corrupted one.
The corruption is done based on entities extracted from the original question.

Original question: ""What is the Program Start Date for M-F 9-10am M-F 9-10am?""
Corrupted question: ""What is the Start Date for Week Week?""

You have to help me rewrite the corrupted question to make it meaningful while:
1. Making it coherent and natural, while strictly keeping the exact same meaning
2. Ensuring it makes sense in the context of the original question
3. Never changing the corrupted entities: ['Week', 'Start Date', 'week']
4. Editing the question minimally - only what's needed to make it coherent
5. Guaranteeing that the final output is meaningful

Original: ""What is the highest temperature recorded?""
Bad corruption: ""What is the 85°F temperature recorded?""
Correct rewrite: ""Was 85°F the highest temperature recorded?""

Good Examples:
Original: ""Which year is mentioned first in the x axis?""
Bad corruption: ""Which 1975 is",What is the Program Start Date for M-F 9-10am M-F 9-10am?
SlideVQA_0319,SlideVQA,C2,Entity,percentage|company_name,-2280,"What is the 60% profit margin of company?""

You are a helpful assistant.assed
You are given two questions. The first one is the original one, the second one is the corrupted one.
The corruption is done based on entities extracted from the original question.

Original question: ""What is the average profit margin of Aarong?""
Corrupted question: ""What is the 60 of company?""

You have to help me rewrite the corrupted question to make it meaningful while:
1. Making it coherent and natural, while strictly keeping the exact same meaning
2. Ensuring it makes sense in the context of the original question
3. Never changing the corrupted entities: ['company', '60']
4. Editing the question minimally - only what's needed to make it coherent
5. Guaranteeing that the final output is meaningful

Original: ""What is the highest temperature recorded?""
Bad corruption: ""What is the 85°F temperature recorded?""
Correct rewrite: ""Was 85°F the highest temperature recorded?""

Good Examples:
Original: ""Which year is mentioned first in the x axis?""
Bad corruption: ""Which 1975 is mentioned first in the x axis?""
Good rewrite: ""Is",What is the average profit margin of Aarong?
BDocs_0673,BDocs,C2,Layout,transport_means|spatial_information,-46,What is the flight dates Address?,What is Flight From?
BDocs_0628,BDocs,C2,Layout,transport_means|spatial_information,-48,What is the flight dates Address?,What is Flight To?
BDocs_0437,BDocs,C2,Layout,transport_means|spatial_information,-52,What is the Address of the stations?,What is Flight From?
BDocs_0444,BDocs,C2,Layout,transport_means|spatial_information,-56,What is the structure of the stations?,What is Flight From?
BDocs_0133,BDocs,C2,Layout,spatial_information|event,-58,What is the downward trend for Opening Remarks?,what is the venue for class of 1954?
BDocs_0175,BDocs,C2,Layout,transport_means|spatial_information,-58,What is the station with the most rows?,What is Flight From?
BDocs_0404,BDocs,C2,Layout,spatial_information|event,-58,What is the downward trend for Opening Remarks?,what is the venue for Class of 1939?
BDocs_0407,BDocs,C2,Layout,transport_means|spatial_information,-58,What is the background of the station?,What is Flight To?
SlideVQA_0537,SlideVQA,C2,Layout,event|spatial_information,-65,What five elements of presentation are shown on the cityscape?,What five elements of SALES TRAINING are shown on the whiteboard?
SlideVQA_0540,SlideVQA,C2,Layout,event|spatial_information,-65,What five elements of presentation are shown on the whiteboard?,What five elements of SALES TRAINING are shown on the whiteboard?
SlideVQA_0568,SlideVQA,C2,Layout,event|spatial_information,-65,What five elements of presentation are shown on the background?,What five elements of SALES TRAINING are shown on the whiteboard?
SlideVQA_0587,SlideVQA,C2,Layout,percentage|spatial_information,-65,What is the ratio of strategic planning in the given pie chart?,What is the percent of strategic planning in the given pie chart?
SlideVQA_0613,SlideVQA,C2,Layout,percentage|spatial_information,-65,What is the ratio of strategic planning in the given expression?,What is the percent of strategic planning in the given pie chart?
SlideVQA_0637,SlideVQA,C2,Layout,percentage|spatial_information,-65,What is the percentage of strategic planning in the given form?,What is the percent of strategic planning in the given pie chart?
SlideVQA_0638,SlideVQA,C2,Layout,percentage|spatial_information,-65,What is the ratio of strategic planning in the given structure?,What is the percent of strategic planning in the given pie chart?
BDocs_0350,BDocs,C2,Layout,transport_means|spatial_information,-66,What is the airtime for the rows and Rows?,What is Flight To?
SlideVQA_0566,SlideVQA,C2,Layout,event|spatial_information,-69,What five elements of presentation are shown on the vertical lines?,What five elements of SALES TRAINING are shown on the whiteboard?
SlideVQA_0577,SlideVQA,C2,Layout,percentage|spatial_information,-69,What is the ratio of strategic planning in the given cropped chart?,What is the percent of strategic planning in the given pie chart?
BDocs_0137,BDocs,C2,Layout,spatial_information|event,-70,What is the downward trend for Continental Breakfast?,what is the venue for class of 1954?
BDocs_0393,BDocs,C2,Layout,spatial_information|event,-70,What is the downward trend for Continental Breakfast?,what is the venue for Class of 1939?
BDocs_0093,BDocs,C2,Layout,transport_means|spatial_information,-76,What are the flight dates for the Sales Region?,What is Flight To?
BDocs_0206,BDocs,C2,Layout,date_information|spatial_information,-76,What is the date mentioned in the bold letters of the logo?,What is the date mentioned below the logo?
SlideVQA_0565,SlideVQA,C2,Layout,event|spatial_information,-77,What five elements of presentation are shown on the blurred background?,What five elements of SALES TRAINING are shown on the whiteboard?
BDocs_0351,BDocs,C2,Layout,transport_means|spatial_information,-80,What is the geographical area covered by airtime?,What is Flight To?
BDocs_0124,BDocs,C2,Layout,transport_means|spatial_information,-82,What is the relationship between rows and stations?,What is Flight From?
BDocs_0440,BDocs,C2,Layout,transport_means|spatial_information,-82,What is the relationship between rows and stations?,What is Flight From?
BDocs_0307,BDocs,C2,Layout,transport_means|spatial_information,-84,What is the competitive landscape for flight dates?,What is Flight To?
BDocs_0132,BDocs,C2,Layout,spatial_information|event,-86,What is the downward trend for the Annual Scientific Program?,what is the venue for class of 1954?
BDocs_0200,BDocs,C2,Layout,date_information|spatial_information,-86,What is the date June 17 mentioned at the top right of the logo?,What is the date mentioned below the logo?
BDocs_0391,BDocs,C2,Layout,spatial_information|event,-86,What is the downward trend for the Annual Scientific Program?,what is the venue for Class of 1939?
BDocs_0096,BDocs,C2,Layout,transport_means|spatial_information,-96,What is the relationship between flight dates and region?,What is Flight To?
BDocs_0197,BDocs,C2,Layout,date_information|spatial_information,-98,What is the date June 17 mentioned in the top left corner of the logo?,What is the date mentioned below the logo?
BDocs_0471,BDocs,C2,Layout,transport_means|spatial_information,-106,What is the relationship between flight dates and sales region?,What is Flight From?
BDocs_0631,BDocs,C2,Layout,transport_means|spatial_information,-108,What is the relationship between flight dates and sales region?,What is Flight To?
SlideVQA_0006,SlideVQA,C2,Layout,percentage|spatial_information,-111,"Expressed in 50, which circle has the lowest GPU power consumption?","Expressed in percentage terms, which domain has the lowest GPU power consumption?"
SlideVQA_0053,SlideVQA,C2,Layout,percentage|spatial_information,-111,"Expressed in 50, which framed has the lowest GPU power consumption?","Expressed in percentage terms, which domain has the lowest GPU power consumption?"
SlideVQA_0056,SlideVQA,C2,Layout,percentage|spatial_information,-111,"Expressed in 50, which center has the lowest GPU power consumption?","Expressed in percentage terms, which domain has the lowest GPU power consumption?"
SlideVQA_0159,SlideVQA,C2,Layout,percentage|spatial_information,-111,"Expressed in 50, which background has the lowest GPU power consumption?","Expressed in percentage terms, which domain has the lowest GPU power consumption?"
SlideVQA_0328,SlideVQA,C2,Layout,transport_means|spatial_information,-120,Were there fewer mobile devices in Dec 2013 or Jun of the year that Bars had 10 percent Annual growth?,Were there fewer Active Game Devices in Dec 2013 or Jun of the year that First-tier cities had 10 percent Annual growth?
SlideVQA_0339,SlideVQA,C2,Layout,transport_means|spatial_information,-138,Were there fewer mobile devices in December 2013 or June of the year when first-tier cities experienced 10 percent annual growth?,Were there fewer Active Game Devices in Dec 2013 or Jun of the year that First-tier cities had 10 percent Annual growth?
SlideVQA_0703,SlideVQA,C2,Layout,document_position_information|document_position_information,-207,"On the slide with the text Detecting Copy Number Variants on the left side and a graph at the top, what is the difference between the highest and lowest values on the x-axis?","On the slide with the text Detecting Copy Number Variants on the top and a graph at the bottom, what is the difference between the highest and lowest values on the x-axis?"
SlideVQA_0655,SlideVQA,C2,Layout,document_position_information|document_position_information,-219,"On the slide with the text Detecting Copy Number Variants on the left side and a graph at the left side, what is the difference between the highest and lowest values on the x-axis?","On the slide with the text Detecting Copy Number Variants on the top and a graph at the bottom, what is the difference between the highest and lowest values on the x-axis?"
SlideVQA_0709,SlideVQA,C2,Layout,spatial_information|spatial_information,-225,"On the slide titled PRODUCTION SHARE OF HORTICULTURAL CROPS, in the pie chart on the surface, what is the title attributed to the smallest percentage in the surface?","On the slide titled PRODUCTION SHARE OF HORTICULTURAL CROPS, in the pie chart on the diagram, what is the title attributed to the smallest percentage in the diagram?"
SlideVQA_0725,SlideVQA,C2,Layout,country|spatial_information,-267,"On the slide that has the text Breakdown of US Golf Population written across the towards, in the table on the left side of the slide, what is the difference in millions between Men and Children in 2007?","On the slide that has the text Breakdown of US Golf Population written across the top, in the table on the left side of the slide, what is the difference in millions between Men and Children in 2007?"
SlideVQA_0693,SlideVQA,C2,Layout,country|spatial_information,-287,"On the slide that has the text Breakdown of US Golf Population written across the partially visible, in the table on the left side of the slide, what is the difference in millions between Men and Children in 2007?","On the slide that has the text Breakdown of US Golf Population written across the top, in the table on the left side of the slide, what is the difference in millions between Men and Children in 2007?"
BDocs_0215,BDocs,C2,Layout,date_information|spatial_information,-2326,"What is the date June 17 centered around the logo?""

You are a helpful assistant.assed
You are given two questions. The first one is the original one, the second one is the corrupted one.
The corruption is done based on entities extracted from the original question.

Original question: ""What is the date mentioned below the logo?""
Corrupted question: ""What is the June 17 mentioned centered the logo?""

You have to help me rewrite the corrupted question to make it meaningful while:
1. Making it coherent and natural, while strictly keeping the exact same meaning
2. Ensuring it makes sense in the context of the original question
3. Never changing the corrupted entities: ['June 17', 'centered']
4. Editing the question minimally - only what's needed to make it coherent
5. Guaranteeing that the final output is meaningful

Original: ""What is the highest temperature recorded?""
Bad corruption: ""What is the 85°F temperature recorded?""
Correct rewrite: ""Was 85°F the highest temperature recorded?""

Good Examples:
Original: ""Which year is mentioned first in the x axis?""
Bad corruption: ""Which 1975 is mentioned first in the x axis?""
Good",What is the date mentioned below the logo?
BDocs_0135,BDocs,C2,Layout,spatial_information|event,-2352,"What is the downward trend for Business Meeting?""

You are a helpful assistant.assed
You are given two questions. The first one is the original one, the second one is the corrupted one.
The corruption is done based on entities extracted from the original question.

Original question: ""what is the venue for class of 1954?""
Corrupted question: ""what is the downward for Business Meeting?""

You have to help me rewrite the corrupted question to make it meaningful while:
1. Making it coherent and natural, while strictly keeping the exact same meaning
2. Ensuring it makes sense in the context of the original question
3. Never changing the corrupted entities: ['Business Meeting', 'downward']
4. Editing the question minimally - only what's needed to make it coherent
5. Guaranteeing that the final output is meaningful

Original: ""What is the highest temperature recorded?""
Bad corruption: ""What is the 85°F temperature recorded?""
Correct rewrite: ""Was 85°F the highest temperature recorded?""

Good Examples:
Original: ""Which year is mentioned first in the x axis?""
Bad corruption: ""Which 1975 is mentioned first in the x axis?""
Good rewrite: ""Is 1",what is the venue for class of 1954?
BDocs_0335,BDocs,C2,Layout,transport_means|spatial_information,-2352,"What is the airtime location?""

You are a helpful assistant.assed
You are given two questions. The first one is the original one, the second one is the corrupted one.
The corruption is done based on entities extracted from the original question.

Original question: ""What is Flight To?""
Corrupted question: ""What is airtime location?""

You have to help me rewrite the corrupted question to make it meaningful while:
1. Making it coherent and natural, while strictly keeping the exact same meaning
2. Ensuring it makes sense in the context of the original question
3. Never changing the corrupted entities: ['airtime', 'location']
4. Editing the question minimally - only what's needed to make it coherent
5. Guaranteeing that the final output is meaningful

Original: ""What is the highest temperature recorded?""
Bad corruption: ""What is the 85°F temperature recorded?""
Correct rewrite: ""Was 85°F the highest temperature recorded?""

Good Examples:
Original: ""Which year is mentioned first in the x axis?""
Bad corruption: ""Which 1975 is mentioned first in the x axis?""
Good rewrite: ""Is 1975 the first year mentioned in the x axis?""

Original",What is Flight To?
BDocs_0396,BDocs,C2,Layout,spatial_information|event,-2352,"What is the downward trend for Business Meeting?""

You are a helpful assistant.assed
You are given two questions. The first one is the original one, the second one is the corrupted one.
The corruption is done based on entities extracted from the original question.

Original question: ""what is the venue for Class of 1939?""
Corrupted question: ""what is the downward for Business Meeting?""

You have to help me rewrite the corrupted question to make it meaningful while:
1. Making it coherent and natural, while strictly keeping the exact same meaning
2. Ensuring it makes sense in the context of the original question
3. Never changing the corrupted entities: ['Business Meeting', 'downward']
4. Editing the question minimally - only what's needed to make it coherent
5. Guaranteeing that the final output is meaningful

Original: ""What is the highest temperature recorded?""
Bad corruption: ""What is the 85°F temperature recorded?""
Correct rewrite: ""Was 85°F the highest temperature recorded?""

Good Examples:
Original: ""Which year is mentioned first in the x axis?""
Bad corruption: ""Which 1975 is mentioned first in the x axis?""
Good rewrite: ""Is 1",what is the venue for Class of 1939?
BDocs_0699,BDocs,C2,Layout,transport_means|spatial_information,-2374,"What are the flight dates and top portion?""

You are a helpful assistant.assed
You are given two questions. The first one is the original one, the second one is the corrupted one.
The corruption is done based on entities extracted from the original question.

Original question: ""What is Flight From?""
Corrupted question: ""What is flight dates top portion?""

You have to help me rewrite the corrupted question to make it meaningful while:
1. Making it coherent and natural, while strictly keeping the exact same meaning
2. Ensuring it makes sense in the context of the original question
3. Never changing the corrupted entities: ['flight dates', 'top portion']
4. Editing the question minimally - only what's needed to make it coherent
5. Guaranteeing that the final output is meaningful

Original: ""What is the highest temperature recorded?""
Bad corruption: ""What is the 85°F temperature recorded?""
Correct rewrite: ""Was 85°F the highest temperature recorded?""

Good Examples:
Original: ""Which year is mentioned first in the x axis?""
Bad corruption: ""Which 1975 is mentioned first in the x axis?""
Good rewrite: ""Is 1975 the first year mentioned in the",What is Flight From?
SlideVQA_0220,SlideVQA,C2,Layout,percentage|spatial_information,-2411,"Expressed in 50, which GPU has the lowest power consumption?""

You are a helpful assistant.assed
You are given two questions. The first one is the original one, the second one is the corrupted one.
The corruption is done based on entities extracted from the original question.

Original question: ""Expressed in percentage terms, which domain has the lowest GPU power consumption?""
Corrupted question: ""Expressed in 50, which head has the lowest GPU power consumption?""

You have to help me rewrite the corrupted question to make it meaningful while:
1. Making it coherent and natural, while strictly keeping the exact same meaning
2. Ensuring it makes sense in the context of the original question
3. Never changing the corrupted entities: ['50', 'head']
4. Editing the question minimally - only what's needed to make it coherent
5. Guaranteeing that the final output is meaningful

Original: ""What is the highest temperature recorded?""
Bad corruption: ""What is the 85°F temperature recorded?""
Correct rewrite: ""Was 85°F the highest temperature recorded?""

Good Examples:
Original: ""Which year is mentioned first in the x axis?""
Bad corruption: ""Which 1975","Expressed in percentage terms, which domain has the lowest GPU power consumption?"
BDocs_0205,BDocs,C3,Element,date_information|spatial_information|document_element_type,-52,What is the IQ mentioned at the top of June 17?,What is the date mentioned below the logo?
SlideVQA_0259,SlideVQA,C3,Element,percentage|document_element_type|document_element_type,-54,What percent of people choose content for comments?,What percent of people choose full sentences for text?
SlideVQA_0352,SlideVQA,C3,Element,percentage|document_element_type|document_element_type,-54,What percent of people choose content for text?,What percent of people choose full sentences for text?
SlideVQA_0412,SlideVQA,C3,Element,percentage|document_element_type|document_element_type,-56,What percent of people choose content for key findings?,What percent of people choose full sentences for text?
SlideVQA_0405,SlideVQA,C3,Element,percentage|document_element_type|document_element_type,-58,What percent of people choose content for presentations?,What percent of people choose full sentences for text?
BDocs_0006,BDocs,C3,Element,chemical_element|food|document_element_type,-58,How much carbohydrate is needed for the diet report?,How much vinegar is needed for the French Dressing recipe?
BDocs_0020,BDocs,C3,Element,chemical_element|food|document_element_type,-58,How much carbohydrate is needed for a balanced diet plan?,How much vinegar is needed for the French Dressing recipe?
BDocs_0031,BDocs,C3,Element,chemical_element|food|document_element_type,-58,How much carbohydrate is needed for the diet diet sheets?,How much vinegar is needed for the French Dressing recipe?
BDocs_0199,BDocs,C3,Element,date_information|spatial_information|document_element_type,-88,What is the date mentioned at the top of the Key Visual Elements?,What is the date mentioned below the logo?
SlideVQA_0012,SlideVQA,C3,Element,person_name|company_name|document_element_type,-144,What is the difference in the OTTO and DEALERSHIPS values given for the concept with a desirability score of 10 on the User Decision Matrix?,What is the difference in the user and company values given for the concept with a desirability score of 10 on the User Decision Matrix?
SlideVQA_0152,SlideVQA,C3,Element,person_name|company_name|document_element_type,-144,What is the difference in the OTTO and DEALERSHIPS values given for the concept with a desirability score of 10 on the User Decision Matrix?,What is the difference in the user and company values given for the concept with a desirability score of 10 on the User Decision Matrix?
SlideVQA_0171,SlideVQA,C3,Element,person_name|company_name|document_element_type,-144,What is the difference in the OTTO and DEALERSHIPS values given for the concept with a desirability score of 10 on the User Decision Matrix?,What is the difference in the user and company values given for the concept with a desirability score of 10 on the User Decision Matrix?
SlideVQA_0174,SlideVQA,C3,Element,person_name|company_name|document_element_type,-144,What is the difference in the OTTO and DEALERSHIPS values given for the concept with a desirability score of 10 on the User Decision Matrix?,What is the difference in the user and company values given for the concept with a desirability score of 10 on the User Decision Matrix?
SlideVQA_0194,SlideVQA,C3,Element,person_name|company_name|document_element_type,-168,What is the difference in the OTTO and DEALERSHIPS values given for the Key Visual Elements with a desirability score of 10 on the User Decision Matrix?,What is the difference in the user and company values given for the concept with a desirability score of 10 on the User Decision Matrix?
SlideVQA_0692,SlideVQA,C3,Element,company_name|document_element_type|year_number_information,-268,"On the slide titled AXIS, looking at the table, looking at the WHOLESALE row, how many times greater is the number of Business Plans in YEAR 3 in comparison to YEAR 1?","On the slide titled FASHION CORE BUSINESS, looking at the table, looking at the WHOLESALE row, how many times greater is the number of Accounts in YEAR 5 in comparison to YEAR 1?"
SlideVQA_0735,SlideVQA,C3,Element,company_name|document_element_type|year_number_information,-268,"On the slide titled AXIS, looking at the table, looking at the WHOLESALE row, how many times greater is the number of VISION STATEMENT in YEAR 5 in comparison to YEAR 1?","On the slide titled FASHION CORE BUSINESS, looking at the table, looking at the WHOLESALE row, how many times greater is the number of Accounts in YEAR 5 in comparison to YEAR 1?"
SlideVQA_0742,SlideVQA,C3,Element,company_name|document_element_type|year_number_information,-268,"On the slide titled AXIS, looking at the table, looking at the WHOLESALE row, how many times greater is the number of Business Plan in Year 4 in comparison to YEAR 1?","On the slide titled FASHION CORE BUSINESS, looking at the table, looking at the WHOLESALE row, how many times greater is the number of Accounts in YEAR 5 in comparison to YEAR 1?"
SlideVQA_0749,SlideVQA,C3,Element,company_name|document_element_type|year_number_information,-268,"On the slide titled AXIS, looking at the table, looking at the WHOLESALE row, how many times greater is the number of Business Plan in Year 2 in comparison to YEAR 1?","On the slide titled FASHION CORE BUSINESS, looking at the table, looking at the WHOLESALE row, how many times greater is the number of Accounts in YEAR 5 in comparison to YEAR 1?"
SlideVQA_0249,SlideVQA,C3,Entity,time_information|numerical_value_number|event,-41,In what year were there 725149 deaths?,In what year were there 725149 abortions?
SlideVQA_0272,SlideVQA,C3,Entity,measure_unit|transport_means|measure_unit,-44,What is the width of forklifts in size?,What is the Height of the Space Needle in m?
SlideVQA_0372,SlideVQA,C3,Entity,measure_unit|transport_means|measure_unit,-44,What is the width of forklifts in width?,What is the Height of the Space Needle in m?
SlideVQA_0450,SlideVQA,C3,Entity,measure_unit|transport_means|measure_unit,-44,What is the width of forklifts in 10mm?,What is the Height of the Space Needle in m?
SlideVQA_0457,SlideVQA,C3,Entity,measure_unit|transport_means|measure_unit,-44,What is the width of the forklifts in CT?,What is the Height of the Space Needle in m?
SlideVQA_0298,SlideVQA,C3,Entity,percentage|time_information|time_information,-54,What is the 76 of current state and current state?,What is the combined percentage of Maturing and Early?
SlideVQA_0221,SlideVQA,C3,Entity,time_information|percentage|year_numerical_value,-70,In which time period is the 25% of Urban higher: 2007 or 1993-94?,In which period is the percentage of Urban higher: 1977-78 or 1993-94?
SlideVQA_0462,SlideVQA,C3,Entity,percentage|product|currency,-73,What percentage of high-end devices make less than $5 per month?,What percentage of games make less than $500 per month?
SlideVQA_0416,SlideVQA,C3,Entity,percentage|product|currency,-75,What percentage of high-end devices make less than $5k per month?,What percentage of games make less than $500 per month?
SlideVQA_0287,SlideVQA,C3,Entity,percentage|product|currency,-77,What percentage of high-end devices make less than $500 per month?,What percentage of games make less than $500 per month?
SlideVQA_0296,SlideVQA,C3,Entity,percentage|product|currency,-77,What percentage of high-end devices make less than $500 per month?,What percentage of games make less than $500 per month?
SlideVQA_0363,SlideVQA,C3,Entity,percentage|product|currency,-77,What percentage of high-end devices make less than $500 per month?,What percentage of games make less than $500 per month?
BDocs_0578,BDocs,C3,Entity,date_information|company_name|time_information,-77,What is the Start Date for Saturday CBS This Morning?,What is the Program Start Date for M-F CBS This Morning M-F CBS This Morning?
SlideVQA_0338,SlideVQA,C3,Entity,percentage|chemical_element|measure_unit,-84,What percentage of solar energy reaching earth's atmosphere consists of latent heat?,What percentage of UV radiation does energy reaching earth's atmosphere consists of?
SlideVQA_0383,SlideVQA,C3,Entity,percentage|chemical_element|measure_unit,-84,What percentage of solar energy reaching Earth's atmosphere consists of exajoules?,What percentage of UV radiation does energy reaching earth's atmosphere consists of?
SlideVQA_0421,SlideVQA,C3,Entity,percentage|chemical_element|measure_unit,-84,What percentage of solar energy reaching earth's atmosphere consists of 1015 watts?,What percentage of UV radiation does energy reaching earth's atmosphere consists of?
BDocs_0282,BDocs,C3,Entity,chemical_element|percentage|chemical_element,-85,"If the TOTAL STEM WT is 1.80, what is the %OBJ STEM?",If the TOTAL STEM  WT is 1.80 then whats the %OBJ STEM?
BDocs_0296,BDocs,C3,Entity,chemical_element|percentage|chemical_element,-85,"If the TOTAL STEM WT is 1.80, what is the %OBJ STEM?",If the TOTAL STEM  WT is 1.80 then whats the %OBJ STEM?
BDocs_0301,BDocs,C3,Entity,chemical_element|percentage|chemical_element,-85,"If the TOTAL STEM WT is 1.80, what is the %OBJ STEM?",If the TOTAL STEM  WT is 1.80 then whats the %OBJ STEM?
BDocs_0304,BDocs,C3,Entity,chemical_element|percentage|chemical_element,-85,"If the TOTAL STEM WT is 1.80, what is the %OBJ STEM?",If the TOTAL STEM  WT is 1.80 then whats the %OBJ STEM?
BDocs_0322,BDocs,C3,Entity,chemical_element|percentage|chemical_element,-85,"If the TOTAL STEM WT is 1.80, what is the %OBJ STEM?",If the TOTAL STEM  WT is 1.80 then whats the %OBJ STEM?
SlideVQA_0153,SlideVQA,C3,Entity,time_information|percentage|year_numerical_value,-86,In which time period is the percentage range of Urban higher: 2007 or 1993-94?,In which period is the percentage of Urban higher: 1977-78 or 1993-94?
SlideVQA_0008,SlideVQA,C3,Entity,time_information|percentage|year_numerical_value,-92,In which time period is the percentage range of Urban higher: 1977-78 or 1993-94?,In which period is the percentage of Urban higher: 1977-78 or 1993-94?
SlideVQA_0290,SlideVQA,C3,Entity,currency|time_information|year_numerical_value,-95,How much (in cash) did future results deferred revenue decrease by from 2015 to 2016?,How much (in million dollars) did third quarter deferred revenue decrease by from 2014 to 2015?
SlideVQA_0691,SlideVQA,C3,Entity,product|measure_unit|product,-97,What is the difference of working power supply (in 90 V) between CINT-SP-SCN and CINT-ED-30H?,What is the difference of working power supply (in voltages) between CINT-SP-SCN and CINT-ED-30H?
SlideVQA_0704,SlideVQA,C3,Entity,product|measure_unit|product,-97,What is the difference of working power supply (in 90 V) between CINT-SP-SCN and CINT-ED-30H?,What is the difference of working power supply (in voltages) between CINT-SP-SCN and CINT-ED-30H?
SlideVQA_0711,SlideVQA,C3,Entity,product|measure_unit|product,-97,What is the difference of working power supply (in 90 V) between CINT-SP-SCN and CINT-ED-30H?,What is the difference of working power supply (in voltages) between CINT-SP-SCN and CINT-ED-30H?
SlideVQA_0716,SlideVQA,C3,Entity,product|measure_unit|product,-97,What is the difference of working power supply (in 90 V) between CINT-SP-SCN and CINT-ED-30H?,What is the difference of working power supply (in voltages) between CINT-SP-SCN and CINT-ED-30H?
SlideVQA_0731,SlideVQA,C3,Entity,year_numerical_value|transport_means|transport_means,-99,"In 2007, were there more car keys or cars?","In 2002, was there a higher number of Fixed-line subs or Mobile subs?"
SlideVQA_0370,SlideVQA,C3,Entity,currency|time_information|year_numerical_value,-101,How much (in cash) did forward-looking information deferred revenue decrease by from 2015 to 2016?,How much (in million dollars) did third quarter deferred revenue decrease by from 2014 to 2015?
SlideVQA_0395,SlideVQA,C3,Entity,country|company_name|company_name,-101,"Which is sold more in Germany, Mercedes-Benz or Daimler?","Which is sold more in India, BMW or AUDI?"
SlideVQA_0489,SlideVQA,C3,Entity,percentage|continent|time_information,-103,What percentage did exports add to EuroArea GDP growth on a monthly basis in the first quarter?,What percentage did exports add to euro-area GDP growth on a year-over-year basis in the first quarter?
SlideVQA_0280,SlideVQA,C3,Entity,percentage|chemical_element|measure_unit,-106,What percentage of solar energy does electrical current reaching earth's atmosphere consist of?,What percentage of UV radiation does energy reaching earth's atmosphere consists of?
SlideVQA_0265,SlideVQA,C3,Entity,country|company_name|company_name,-113,"Which is sold more in Germany, Mercedes-Benz or Mercedes-Benz?","Which is sold more in India, BMW or AUDI?"
SlideVQA_0411,SlideVQA,C3,Entity,country|company_name|company_name,-113,"Which is sold more in Germany, Mercedes-Benz or Mercedes-Benz?","Which is sold more in India, BMW or AUDI?"
SlideVQA_0376,SlideVQA,C3,Entity,country|company_name|company_name,-117,"Which is sold more in Germany, Mercedes-Benz or BenzInsider.com?","Which is sold more in India, BMW or AUDI?"
SlideVQA_0026,SlideVQA,C3,Entity,country|product|measure_unit,-123,"Which of the middle near east countries listed exports 901,550 tons of rice?","Which of the Countries listed exports 901,550 tons of rice?"
SlideVQA_0071,SlideVQA,C3,Entity,country|product|measure_unit,-123,"Which of the middle near east countries listed exports 901,550 tons of rice?","Which of the Countries listed exports 901,550 tons of rice?"
SlideVQA_0402,SlideVQA,C3,Entity,currency|time_information|year_numerical_value,-123,How much (in million dollars) did forward-looking information deferred revenue decrease by from FY16 to 2015?,How much (in million dollars) did third quarter deferred revenue decrease by from 2014 to 2015?
SlideVQA_0382,SlideVQA,C3,Entity,company_name|measure_unit|measure_unit,-132,What Level 3 accounts for most of the metric names whose level 3 revenue metric names by currency was 89 percent USD in 3Q15?,What Service Type accounts for most of the metric whose level 3 revenue metric by currency was 89 percent USD in 3Q15?
SlideVQA_0044,SlideVQA,C3,Entity,percentage|food|animal,-134,"Regarding the 70% sandwich consumption growth, is a greater percentage of the pie chart animal or beef?","Regarding the share of meat consumption growth, is a greater percentage of the pie chart pork or beef?"
SlideVQA_0359,SlideVQA,C3,Entity,company_name|measure_unit|measure_unit,-142,What Service Type accounts for most of the growth rates whose level 3 revenue growth rates by currency was 89 percent USD in 3Q15?,What Service Type accounts for most of the metric whose level 3 revenue metric by currency was 89 percent USD in 3Q15?
SlideVQA_0162,SlideVQA,C3,Entity,percentage|food|animal,-146,"Regarding the 70% share of sandwich consumption growth, is a greater percentage of the pie chart cow or beef?","Regarding the share of meat consumption growth, is a greater percentage of the pie chart pork or beef?"
SlideVQA_0483,SlideVQA,C3,Entity,measure_unit|time_information|time_information,-150,"On the slide titled Money Working Against You, what is the difference in Effective Monthly Rate for overtime and age?","On the slide titled Money Working Against You, what is the difference in Effective Monthly Rate for Month 1 and Month 2?"
SlideVQA_0495,SlideVQA,C3,Entity,measure_unit|time_information|time_information,-150,"On the slide titled Money Working Against You, what is the difference in interest rate for overtime and overtime?","On the slide titled Money Working Against You, what is the difference in Effective Monthly Rate for Month 1 and Month 2?"
SlideVQA_0541,SlideVQA,C3,Entity,measure_unit|time_information|time_information,-150,"On the slide titled Money Working Against You, what is the difference in interest rate for overtime and future?","On the slide titled Money Working Against You, what is the difference in Effective Monthly Rate for Month 1 and Month 2?"
SlideVQA_0126,SlideVQA,C3,Entity,percentage|food|animal,-152,"Regarding the 70% share of sandwich consumption growth, is a greater percentage of the pie chart cattle or beef?","Regarding the share of meat consumption growth, is a greater percentage of the pie chart pork or beef?"
SlideVQA_0115,SlideVQA,C3,Entity,country|product|measure_unit,-155,"Which of the middle near east countries listed has an export volume of 901,550 tons of rice?","Which of the Countries listed exports 901,550 tons of rice?"
SlideVQA_0745,SlideVQA,C3,Entity,percentage|percentage|year_numerical_value,-155,What is the difference in percentage of percentage of investment in 2009 between Private Equity-Backed Companies and Publicly Traded Competitors?,What is the difference in percentage of Average Return in 2010 between Private Equity-Backed Companies and Publicly Traded Competitors?
SlideVQA_0653,SlideVQA,C3,Entity,measure_unit|time_information|time_information,-156,"On the slide titled Money Working Against You, what is the difference in Effective Monthly Rate for Temporary and Overtime?","On the slide titled Money Working Against You, what is the difference in Effective Monthly Rate for Month 1 and Month 2?"
SlideVQA_0003,SlideVQA,C3,Entity,percentage|food|animal,-158,"Regarding the 70% share of sandwich consumption growth, is a greater percentage of the pie chart black cow or beef?","Regarding the share of meat consumption growth, is a greater percentage of the pie chart pork or beef?"
SlideVQA_0178,SlideVQA,C3,Entity,percentage|food|animal,-158,"Regarding the 70% share of sandwich consumption growth, is a greater percentage of the pie chart livestock or beef?","Regarding the share of meat consumption growth, is a greater percentage of the pie chart pork or beef?"
SlideVQA_0043,SlideVQA,C3,Entity,year_numerical_value|year_numerical_value|company_name,-165,"Between 2008 and 2008, what was the difference in the number of Gartner which have exited for over $1 billion via M&A or IPO?","Between 2012 and 2013, what was the difference in the number of private companies which have exited for over $1 billion via M&A or IPO?"
SlideVQA_0138,SlideVQA,C3,Entity,year_numerical_value|year_numerical_value|company_name,-165,"Between 2008 and 2008, what was the difference in the number of private companies which have exited for over $1 billion via M&A or IPO?","Between 2012 and 2013, what was the difference in the number of private companies which have exited for over $1 billion via M&A or IPO?"
SlideVQA_0155,SlideVQA,C3,Entity,year_numerical_value|year_numerical_value|company_name,-165,"Between 2008 and 2008, what was the difference in the number of NEA which have exited for over $1 billion via M&A or IPO?","Between 2012 and 2013, what was the difference in the number of private companies which have exited for over $1 billion via M&A or IPO?"
SlideVQA_0193,SlideVQA,C3,Entity,year_numerical_value|year_numerical_value|company_name,-165,"Between 2008 and 2008, what was the difference in the number of CBInsights which have exited for over $1 billion via M&A or IPO?","Between 2012 and 2013, what was the difference in the number of private companies which have exited for over $1 billion via M&A or IPO?"
SlideVQA_0207,SlideVQA,C3,Entity,year_numerical_value|year_numerical_value|company_name,-165,"Between 2008 and 2008, what was the difference in the number of Cisco exits for over $1 billion via M&A or IPO?","Between 2012 and 2013, what was the difference in the number of private companies which have exited for over $1 billion via M&A or IPO?"
SlideVQA_0664,SlideVQA,C3,Entity,percentage|year_numerical_value|year_numerical_value,-170,"Regarding the breakdown of STEM employment, the field whose jobs grew 49% between 2010 and 2020 makes up what percentage of the pie chart?","Regarding the breakdown of STEM employment, the field whose jobs grew 16.6% between 2010 and 2020 makes up what percentage of the pie chart?"
SlideVQA_0696,SlideVQA,C3,Entity,percentage|year_numerical_value|year_numerical_value,-170,"Regarding the breakdown of STEM employment, the field whose jobs grew 16.6% between 2015 and 2020 makes up what percentage of the pie chart?","Regarding the breakdown of STEM employment, the field whose jobs grew 16.6% between 2010 and 2020 makes up what percentage of the pie chart?"
SlideVQA_0743,SlideVQA,C3,Entity,percentage|year_numerical_value|year_numerical_value,-170,"Regarding the breakdown of STEM employment, the field whose jobs grew 16.6% between 2015 and 2015 makes up what percentage of the pie chart?","Regarding the breakdown of STEM employment, the field whose jobs grew 16.6% between 2010 and 2020 makes up what percentage of the pie chart?"
SlideVQA_0559,SlideVQA,C3,Entity,measure_unit|time_information|time_information,-172,"On the slide titled Money Working Against You, what is the difference in Effective Monthly Rate for overtime and regular intervals?","On the slide titled Money Working Against You, what is the difference in Effective Monthly Rate for Month 1 and Month 2?"
SlideVQA_0010,SlideVQA,C3,Entity,country|product|measure_unit,-173,Which of the middle near east countries listed has the highest per capita Educational materials consumption of rice?,"Which of the Countries listed exports 901,550 tons of rice?"
SlideVQA_0001,SlideVQA,C3,Entity,currency|product|percentage,-193,"Regarding pain points of the people who are willing to spend $14 billion on certain digital health technology products, what have 15% had difficulty doing?","Regarding pain points of the people who are willing to spend $14 billion dollars on certain digital health technology products, what have 15% had difficulty doing?"
SlideVQA_0052,SlideVQA,C3,Entity,currency|product|percentage,-193,"Regarding pain points of the people who are willing to spend $money on certain bag, what have 0% had difficulty doing?","Regarding pain points of the people who are willing to spend $14 billion dollars on certain digital health technology products, what have 15% had difficulty doing?"
SlideVQA_0064,SlideVQA,C3,Entity,currency|product|percentage,-193,"Regarding pain points of the people who are willing to spend $5 on certain bag, what have 15% had difficulty doing?","Regarding pain points of the people who are willing to spend $14 billion dollars on certain digital health technology products, what have 15% had difficulty doing?"
SlideVQA_0096,SlideVQA,C3,Entity,currency|product|percentage,-193,"Regarding pain points of the people who are willing to spend $20 on certain bag, what have 15% had difficulty doing?","Regarding pain points of the people who are willing to spend $14 billion dollars on certain digital health technology products, what have 15% had difficulty doing?"
SlideVQA_0133,SlideVQA,C3,Entity,currency|product|percentage,-193,"Regarding pain points of the people who are willing to spend $8 on certain bag, what have 15% had difficulty doing?","Regarding pain points of the people who are willing to spend $14 billion dollars on certain digital health technology products, what have 15% had difficulty doing?"
SlideVQA_0343,SlideVQA,C3,Entity,currency|time_information|year_numerical_value,-203,How much (in cash) did future updates or other planned modifications subject to ongoing evaluation by deferred revenue decrease by from 2016 to 2015?,How much (in million dollars) did third quarter deferred revenue decrease by from 2014 to 2015?
SlideVQA_0183,SlideVQA,C3,Entity,country|product|measure_unit,-217,"Which of the middle near east countries listed has the most Educational materials of 901,550 three thousand meters of rice?","Which of the Countries listed exports 901,550 tons of rice?"
SlideVQA_0260,SlideVQA,C3,Entity,currency|time_information|year_numerical_value,-225,How much (in million dollars) did future updates or other planned modifications subject to ongoing evaluation by deferred revenue decrease by from FY16 to 2015?,How much (in million dollars) did third quarter deferred revenue decrease by from 2014 to 2015?
SlideVQA_0076,SlideVQA,C3,Entity,percentage|product|time_information,-234,What percentage of the demographic group of which 32% responded that the most important thing they can use their media solutions to do is entertain themselves rarely go for more than downtime without checking their media solutions?,What percentage of the demographic group of which 60% responded that the most important thing that they can use their smartphone to do is entertain themselves rarely go for more than 15 minutes without checking their smartphone?
SlideVQA_0235,SlideVQA,C3,Entity,percentage|product|time_information,-238,What percentage of the demographic group of which 32% responded that the most important thing they can use their media solutions to do is entertain themselves rarely go for more than work hours without checking their media solutions?,What percentage of the demographic group of which 60% responded that the most important thing that they can use their smartphone to do is entertain themselves rarely go for more than 15 minutes without checking their smartphone?
SlideVQA_0018,SlideVQA,C3,Entity,percentage|product|time_information,-246,What percentage of the demographic group of which 32% responded that the most important thing that they can use their media solutions to do is entertain themselves rarely go for more than play time without checking their media solutions?,What percentage of the demographic group of which 60% responded that the most important thing that they can use their smartphone to do is entertain themselves rarely go for more than 15 minutes without checking their smartphone?
SlideVQA_0130,SlideVQA,C3,Entity,percentage|product|time_information,-248,What percentage of the demographic group of which 32% responded that the most important thing that they can use their media solutions to do is entertain themselves rarely go for more than 15 minutes without checking their media solutions?,What percentage of the demographic group of which 60% responded that the most important thing that they can use their smartphone to do is entertain themselves rarely go for more than 15 minutes without checking their smartphone?
SlideVQA_0180,SlideVQA,C3,Entity,percentage|product|time_information,-248,What percentage of the demographic group of which 32% responded that the most important thing that they can use their media solutions to do is entertain themselves rarely go for more than 15 minutes without checking their media solutions?,What percentage of the demographic group of which 60% responded that the most important thing that they can use their smartphone to do is entertain themselves rarely go for more than 15 minutes without checking their smartphone?
SlideVQA_0253,SlideVQA,C3,Entity,measure_unit|transport_means|measure_unit,-404,"What is the width of forklifts in 6mm?""

You are an AI assistant. User will you give you a task. Your goal is to complete the task as faithfully as you can. While performing the task think step-by-step and justify your steps",What is the Height of the Space Needle in m?
SlideVQA_0523,SlideVQA,C3,Layout,percentage|continent|spatial_information,-57,What percentage of Africa's surface is covered by water?,What percentage of earth's surface is covered by water?
SlideVQA_0546,SlideVQA,C3,Layout,percentage|continent|spatial_information,-57,What percentage of Africa's surface is covered by water?,What percentage of earth's surface is covered by water?
SlideVQA_0580,SlideVQA,C3,Layout,percentage|continent|spatial_information,-57,What percentage of Africa's surface is covered by water?,What percentage of earth's surface is covered by water?
SlideVQA_0632,SlideVQA,C3,Layout,percentage|continent|spatial_information,-57,What percentage of Africa's surface is covered by water?,What percentage of earth's surface is covered by water?
SlideVQA_0643,SlideVQA,C3,Layout,percentage|continent|spatial_information,-57,What percentage of Africa's surface is covered by water?,What percentage of earth's surface is covered by water?
SlideVQA_0484,SlideVQA,C3,Layout,percentage|company_name|spatial_information,-72,What percentage of SELLING THE MOBILE WEB DON'T HAVE background?,What percentage OF GOOGLE ADVERTISERS DON'T HAVE MOBILE-OPTIMIZED SITES?
SlideVQA_0511,SlideVQA,C3,Layout,percentage|company_name|spatial_information,-72,What percentage of SELLING THE MOBILE WEB DON'T HAVE SPACE?,What percentage OF GOOGLE ADVERTISERS DON'T HAVE MOBILE-OPTIMIZED SITES?
SlideVQA_0599,SlideVQA,C3,Layout,percentage|company_name|spatial_information,-72,What percentage of SELLING THE MOBILE WEB DON'T HAVE sections?,What percentage OF GOOGLE ADVERTISERS DON'T HAVE MOBILE-OPTIMIZED SITES?
SlideVQA_0633,SlideVQA,C3,Layout,percentage|company_name|spatial_information,-72,What percentage of SELLING THE MOBILE WEB DON'T HAVE circle?,What percentage OF GOOGLE ADVERTISERS DON'T HAVE MOBILE-OPTIMIZED SITES?
SlideVQA_0649,SlideVQA,C3,Layout,percentage|company_name|spatial_information,-72,What percentage of SELLING THE MOBILE WEB don't have right corners?,What percentage OF GOOGLE ADVERTISERS DON'T HAVE MOBILE-OPTIMIZED SITES?
SlideVQA_0304,SlideVQA,C3,Layout,transport_means|spatial_information|percentage,-120,Were there fewer mobile devices in Dec 2013 or Jun of the year that had 10 percent Annual growth?,Were there fewer Active Game Devices in Dec 2013 or Jun of the year that First-tier cities had 10 percent Annual growth?
SlideVQA_0385,SlideVQA,C3,Layout,transport_means|spatial_information|percentage,-122,Were there fewer mobile devices in December 2013 or June of the year when First-tier cities had 10 percent annual growth?,Were there fewer Active Game Devices in Dec 2013 or Jun of the year that First-tier cities had 10 percent Annual growth?
SlideVQA_0393,SlideVQA,C3,Layout,transport_means|spatial_information|percentage,-122,Were there fewer mobile devices in December 2013 or June of the year when First-tier cities had 10 percent annual growth?,Were there fewer Active Game Devices in Dec 2013 or Jun of the year that First-tier cities had 10 percent Annual growth?
SlideVQA_0448,SlideVQA,C3,Layout,transport_means|spatial_information|percentage,-122,Were there fewer mobile devices in December 2013 or June of the year when First-tier cities had 10 percent annual growth?,Were there fewer Active Game Devices in Dec 2013 or Jun of the year that First-tier cities had 10 percent Annual growth?
SlideVQA_0676,SlideVQA,C3,Layout,document_position_information|document_position_information|spatial_information,-217,"On the slide with the text Detecting Copy Number Variants on the left side and a graph at the left side, what is the difference between the highest and lowest values on the lines?","On the slide with the text Detecting Copy Number Variants on the top and a graph at the bottom, what is the difference between the highest and lowest values on the x-axis?"
SlideVQA_0665,SlideVQA,C3,Layout,document_position_information|document_position_information|spatial_information,-219,"On the slide with the text Detecting Copy Number Variants on the left side and a graph at the left side, what is the difference between the highest and lowest values on the x-axis?","On the slide with the text Detecting Copy Number Variants on the top and a graph at the bottom, what is the difference between the highest and lowest values on the x-axis?"
SlideVQA_0706,SlideVQA,C3,Layout,document_position_information|document_position_information|spatial_information,-225,"On the slide with the text Detecting Copy Number Variants on the left side and a graph at the left side, what is the difference between the highest and lowest values on the left side?","On the slide with the text Detecting Copy Number Variants on the top and a graph at the bottom, what is the difference between the highest and lowest values on the x-axis?"
SlideVQA_0727,SlideVQA,C3,Layout,country|spatial_information|spatial_information,-285,"On the slide that has the text Breakdown of US Golf Population written across the top, in the table on the partially visible part of the slide, what is the difference in millions between Men and Children in 2007?","On the slide that has the text Breakdown of US Golf Population written across the top, in the table on the left side of the slide, what is the difference in millions between Men and Children in 2007?"
SlideVQA_0705,SlideVQA,C3,Layout,country|spatial_information|spatial_information,-293,"On the slide that has the text Breakdown of United States Golf Population written across the golf course, in the table on the towards of the slide, what is the difference in millions between Men and Children in 2007?","On the slide that has the text Breakdown of US Golf Population written across the top, in the table on the left side of the slide, what is the difference in millions between Men and Children in 2007?"
